x,y,time,date
2025-10-04 20:27:00+05:30,0.41140808,20:27:00,2025-10-04
2025-10-04 20:28:00+05:30,0.37725497,20:28:00,2025-10-04
2025-10-04 20:29:00+05:30,0.35878849,20:29:00,2025-10-04
2025-10-04 20:30:00+05:30,0.37372508,20:30:00,2025-10-04
2025-10-04 20:31:00+05:30,0.40777900,20:31:00,2025-10-04
2025-10-04 20:32:00+05:30,0.43532862,20:32:00,2025-10-04
2025-10-04 20:33:00+05:30,0.36298994,20:33:00,2025-10-04
2025-10-04 20:34:00+05:30,0.39651963,20:34:00,2025-10-04
2025-10-04 20:35:00+05:30,0.40759176,20:35:00,2025-10-04
2025-10-04 20:36:00+05:30,0.39658288,20:36:00,2025-10-04
2025-10-04 20:37:00+05:30,0.44613241,20:37:00,2025-10-04
2025-10-04 20:38:00+05:30,0.37361413,20:38:00,2025-10-04
2025-10-04 20:39:00+05:30,0.38587489,20:39:00,2025-10-04
2025-10-04 20:40:00+05:30,0.43273282,20:40:00,2025-10-04
2025-10-04 20:41:00+05:30,0.36152391,20:41:00,2025-10-04
2025-10-04 20:42:00+05:30,0.45125836,20:42:00,2025-10-04
2025-10-04 20:43:00+05:30,0.43360418,20:43:00,2025-10-04
2025-10-04 20:44:00+05:30,0.42458692,20:44:00,2025-10-04
2025-10-04 20:45:00+05:30,0.40293318,20:45:00,2025-10-04
2025-10-04 20:46:00+05:30,0.36579389,20:46:00,2025-10-04
2025-10-04 20:47:00+05:30,0.36196572,20:47:00,2025-10-04
2025-10-04 20:48:00+05:30,0.38086135,20:48:00,2025-10-04
2025-10-04 20:49:00+05:30,0.37032167,20:49:00,2025-10-04
2025-10-04 20:50:00+05:30,0.44368094,20:50:00,2025-10-04
2025-10-04 20:51:00+05:30,0.44405000,20:51:00,2025-10-04
2025-10-04 20:52:00+05:30,0.36602995,20:52:00,2025-10-04
2025-10-04 20:53:00+05:30,0.43718286,20:53:00,2025-10-04
2025-10-04 20:54:00+05:30,0.40560174,20:54:00,2025-10-04
2025-10-04 20:55:00+05:30,0.41981607,20:55:00,2025-10-04
2025-10-04 20:56:00+05:30,0.44744223,20:56:00,2025-10-04
2025-10-04 20:57:00+05:30,0.37785509,20:57:00,2025-10-04
2025-10-04 20:58:00+05:30,0.45461233,20:58:00,2025-10-04
2025-10-04 20:59:00+05:30,0.43546062,20:59:00,2025-10-04
2025-10-04 21:00:00+05:30,0.40118283,21:00:00,2025-10-04
2025-10-04 21:01:00+05:30,0.40135234,21:01:00,2025-10-04
2025-10-04 21:02:00+05:30,0.41668104,21:02:00,2025-10-04
2025-10-04 21:03:00+05:30,0.41039042,21:03:00,2025-10-04
2025-10-04 21:04:20+05:30,0.44812123,21:04:20,2025-10-04
2025-10-04 21:04:21+05:30,0.41242225,21:04:21,2025-10-04
2025-10-04 21:04:22+05:30,0.45574778,21:04:22,2025-10-04
2025-10-04 21:04:23+05:30,0.45866052,21:04:23,2025-10-04
2025-10-04 21:04:24+05:30,0.45741941,21:04:24,2025-10-04
2025-10-04 21:04:25+05:30,0.40082819,21:04:25,2025-10-04
2025-10-04 21:04:26+05:30,0.42865053,21:04:26,2025-10-04
2025-10-04 21:04:27+05:30,0.37434275,21:04:27,2025-10-04
2025-10-04 21:04:28+05:30,0.39459743,21:04:28,2025-10-04
2025-10-04 21:04:29+05:30,0.39588958,21:04:29,2025-10-04
2025-10-04 21:04:30+05:30,0.37362143,21:04:30,2025-10-04
2025-10-04 21:04:31+05:30,0.41064066,21:04:31,2025-10-04
2025-10-04 21:04:32+05:30,0.43075715,21:04:32,2025-10-04
2025-10-04 21:04:33+05:30,0.40151681,21:04:33,2025-10-04
2025-10-04 21:04:34+05:30,0.39282871,21:04:34,2025-10-04
2025-10-04 21:04:35+05:30,0.41194169,21:04:35,2025-10-04
2025-10-04 21:04:36+05:30,0.41184868,21:04:36,2025-10-04
2025-10-04 21:04:37+05:30,0.42688142,21:04:37,2025-10-04
2025-10-04 21:04:38+05:30,0.40805563,21:04:38,2025-10-04
2025-10-04 21:04:39+05:30,0.41845964,21:04:39,2025-10-04
2025-10-04 21:04:40+05:30,0.38373245,21:04:40,2025-10-04
2025-10-04 21:04:42+05:30,0.42882722,21:04:42,2025-10-04
2025-10-04 21:04:43+05:30,0.45208433,21:04:43,2025-10-04
2025-10-04 21:04:44+05:30,0.42103640,21:04:44,2025-10-04
2025-10-04 21:04:45+05:30,0.44262963,21:04:45,2025-10-04
2025-10-04 21:04:46+05:30,0.42970514,21:04:46,2025-10-04
2025-10-04 21:04:47+05:30,0.43182993,21:04:47,2025-10-04
2025-10-04 21:04:48+05:30,0.39883305,21:04:48,2025-10-04
2025-10-04 21:04:49+05:30,0.44579238,21:04:49,2025-10-04
2025-10-04 21:04:50+05:30,0.44581389,21:04:50,2025-10-04
2025-10-04 21:04:51+05:30,0.40293665,21:04:51,2025-10-04
2025-10-04 21:04:52+05:30,0.41074982,21:04:52,2025-10-04
2025-10-04 21:04:53+05:30,0.46282108,21:04:53,2025-10-04
2025-10-04 21:04:55+05:30,0.46301720,21:04:55,2025-10-04
2025-10-04 21:04:56+05:30,0.41550230,21:04:56,2025-10-04
2025-10-04 21:04:57+05:30,0.44938385,21:04:57,2025-10-04
2025-10-04 21:04:58+05:30,0.44131820,21:04:58,2025-10-04
2025-10-04 21:04:59+05:30,0.41988734,21:04:59,2025-10-04
2025-10-04 21:05:00+05:30,0.38244773,21:05:00,2025-10-04
2025-10-04 21:05:01+05:30,0.40551849,21:05:01,2025-10-04
2025-10-04 21:05:02+05:30,0.42129574,21:05:02,2025-10-04
2025-10-04 21:05:03+05:30,0.45963785,21:05:03,2025-10-04
2025-10-04 21:05:04+05:30,0.40933445,21:05:04,2025-10-04
2025-10-04 21:05:05+05:30,0.37605156,21:05:05,2025-10-04
2025-10-04 21:05:06+05:30,0.39395068,21:05:06,2025-10-04
2025-10-04 21:05:08+05:30,0.38460535,21:05:08,2025-10-04
2025-10-04 21:05:09+05:30,0.39761521,21:05:09,2025-10-04
2025-10-04 21:05:10+05:30,0.37867045,21:05:10,2025-10-04
2025-10-04 21:05:11+05:30,0.45697147,21:05:11,2025-10-04
2025-10-04 21:05:12+05:30,0.43671467,21:05:12,2025-10-04
2025-10-04 21:05:13+05:30,0.41319460,21:05:13,2025-10-04
2025-10-04 21:05:14+05:30,0.42527168,21:05:14,2025-10-04
2025-10-04 21:05:15+05:30,0.43983029,21:05:15,2025-10-04
2025-10-04 21:05:16+05:30,0.40438981,21:05:16,2025-10-04
2025-10-04 21:05:17+05:30,0.39472863,21:05:17,2025-10-04
2025-10-04 21:05:19+05:30,0.43841024,21:05:19,2025-10-04
2025-10-04 21:05:20+05:30,0.43114515,21:05:20,2025-10-04
2025-10-04 21:05:21+05:30,0.38805586,21:05:21,2025-10-04
2025-10-04 21:05:22+05:30,0.40184600,21:05:22,2025-10-04
2025-10-04 21:05:23+05:30,0.37503070,21:05:23,2025-10-04
2025-10-04 21:05:24+05:30,0.47105531,21:05:24,2025-10-04
2025-10-04 21:05:25+05:30,0.43588586,21:05:25,2025-10-04
2025-10-04 21:05:26+05:30,0.38957030,21:05:26,2025-10-04
2025-10-04 21:05:27+05:30,0.46412495,21:05:27,2025-10-04
2025-10-04 21:05:28+05:30,0.43605129,21:05:28,2025-10-04
2025-10-04 21:05:29+05:30,0.42259138,21:05:29,2025-10-04
2025-10-04 21:05:30+05:30,0.46886047,21:05:30,2025-10-04
2025-10-04 21:05:31+05:30,0.44075878,21:05:31,2025-10-04
2025-10-04 21:05:32+05:30,0.43683115,21:05:32,2025-10-04
2025-10-04 21:05:34+05:30,0.40238695,21:05:34,2025-10-04
2025-10-04 21:05:35+05:30,0.46188740,21:05:35,2025-10-04
2025-10-04 21:05:36+05:30,0.43209575,21:05:36,2025-10-04
2025-10-04 21:05:37+05:30,0.43507345,21:05:37,2025-10-04
2025-10-04 21:05:38+05:30,0.40359833,21:05:38,2025-10-04
2025-10-04 21:05:39+05:30,0.41147826,21:05:39,2025-10-04
2025-10-04 21:05:40+05:30,0.45431421,21:05:40,2025-10-04
2025-10-04 21:05:41+05:30,0.43268873,21:05:41,2025-10-04
2025-10-04 21:05:42+05:30,0.44959573,21:05:42,2025-10-04
2025-10-04 21:05:43+05:30,0.44445109,21:05:43,2025-10-04
2025-10-04 21:05:44+05:30,0.45831933,21:05:44,2025-10-04
2025-10-04 21:05:45+05:30,0.40424416,21:05:45,2025-10-04
2025-10-04 21:05:46+05:30,0.44933691,21:05:46,2025-10-04
2025-10-04 21:05:47+05:30,0.45200729,21:05:47,2025-10-04
2025-10-04 21:05:48+05:30,0.40094308,21:05:48,2025-10-04
2025-10-04 21:05:49+05:30,0.47273430,21:05:49,2025-10-04
2025-10-04 21:05:51+05:30,0.38854561,21:05:51,2025-10-04
2025-10-04 21:05:52+05:30,0.39064547,21:05:52,2025-10-04
2025-10-04 21:05:53+05:30,0.38047748,21:05:53,2025-10-04
2025-10-04 21:05:54+05:30,0.37372950,21:05:54,2025-10-04
2025-10-04 21:05:55+05:30,0.45243484,21:05:55,2025-10-04
2025-10-04 21:05:56+05:30,0.45899129,21:05:56,2025-10-04
2025-10-04 21:05:57+05:30,0.40749130,21:05:57,2025-10-04
2025-10-04 21:05:58+05:30,0.45231973,21:05:58,2025-10-04
2025-10-04 21:05:59+05:30,0.45370011,21:05:59,2025-10-04
2025-10-04 21:06:00+05:30,0.42752631,21:06:00,2025-10-04
2025-10-04 21:06:01+05:30,0.38441128,21:06:01,2025-10-04
2025-10-04 21:06:02+05:30,0.42949774,21:06:02,2025-10-04
2025-10-04 21:06:03+05:30,0.37452527,21:06:03,2025-10-04
2025-10-04 21:06:04+05:30,0.46686578,21:06:04,2025-10-04
2025-10-04 21:06:05+05:30,0.39012776,21:06:05,2025-10-04
2025-10-04 21:06:06+05:30,0.38031379,21:06:06,2025-10-04
2025-10-04 21:06:07+05:30,0.38035644,21:06:07,2025-10-04
2025-10-04 21:06:08+05:30,0.44208076,21:06:08,2025-10-04
2025-10-04 21:06:10+05:30,0.45312827,21:06:10,2025-10-04
2025-10-04 21:06:11+05:30,0.43540746,21:06:11,2025-10-04
2025-10-04 21:06:12+05:30,0.41799183,21:06:12,2025-10-04
2025-10-04 21:06:13+05:30,0.38710521,21:06:13,2025-10-04
2025-10-04 21:06:14+05:30,0.42495064,21:06:14,2025-10-04
2025-10-04 21:06:15+05:30,0.42817957,21:06:15,2025-10-04
2025-10-04 21:06:16+05:30,0.38320413,21:06:16,2025-10-04
2025-10-04 21:06:17+05:30,0.44265159,21:06:17,2025-10-04
2025-10-04 21:06:18+05:30,0.41540466,21:06:18,2025-10-04
2025-10-04 21:06:19+05:30,0.39525256,21:06:19,2025-10-04
2025-10-04 21:06:20+05:30,0.42904359,21:06:20,2025-10-04
2025-10-04 21:06:21+05:30,0.46089939,21:06:21,2025-10-04
2025-10-04 21:06:22+05:30,0.38705307,21:06:22,2025-10-04
2025-10-04 21:06:23+05:30,0.43034052,21:06:23,2025-10-04
2025-10-04 21:06:24+05:30,0.37531010,21:06:24,2025-10-04
2025-10-04 21:06:25+05:30,0.41214735,21:06:25,2025-10-04
2025-10-04 21:06:26+05:30,0.46204299,21:06:26,2025-10-04
2025-10-04 21:06:27+05:30,0.46412595,21:06:27,2025-10-04
2025-10-04 21:06:28+05:30,0.39662495,21:06:28,2025-10-04
2025-10-04 21:06:29+05:30,0.42564568,21:06:29,2025-10-04
2025-10-04 21:06:30+05:30,0.37588698,21:06:30,2025-10-04
2025-10-04 21:06:31+05:30,0.44211351,21:06:31,2025-10-04
2025-10-04 21:06:32+05:30,0.41738851,21:06:32,2025-10-04
2025-10-04 21:06:33+05:30,0.38572632,21:06:33,2025-10-04
2025-10-04 21:06:34+05:30,0.38925473,21:06:34,2025-10-04
2025-10-04 21:06:35+05:30,0.40358720,21:06:35,2025-10-04
2025-10-04 21:06:36+05:30,0.46910935,21:06:36,2025-10-04
2025-10-04 21:06:37+05:30,0.44907382,21:06:37,2025-10-04
2025-10-04 21:06:38+05:30,0.38853811,21:06:38,2025-10-04
2025-10-04 21:06:39+05:30,0.44271367,21:06:39,2025-10-04
2025-10-04 21:06:40+05:30,0.42970835,21:06:40,2025-10-04
2025-10-04 21:06:42+05:30,0.39585517,21:06:42,2025-10-04
2025-10-04 21:06:43+05:30,0.43273067,21:06:43,2025-10-04
2025-10-04 21:06:44+05:30,0.39718277,21:06:44,2025-10-04
2025-10-04 21:06:45+05:30,0.45201006,21:06:45,2025-10-04
2025-10-04 21:06:46+05:30,0.46468258,21:06:46,2025-10-04
2025-10-04 21:06:47+05:30,0.45012203,21:06:47,2025-10-04
2025-10-04 21:06:48+05:30,0.37873231,21:06:48,2025-10-04
2025-10-04 21:06:49+05:30,0.39994738,21:06:49,2025-10-04
2025-10-04 21:06:50+05:30,0.45140495,21:06:50,2025-10-04
2025-10-04 21:06:51+05:30,0.39741238,21:06:51,2025-10-04
2025-10-04 21:06:52+05:30,0.38057681,21:06:52,2025-10-04
2025-10-04 21:06:53+05:30,0.38855289,21:06:53,2025-10-04
2025-10-04 21:06:54+05:30,0.43403147,21:06:54,2025-10-04
2025-10-04 21:06:55+05:30,0.46121069,21:06:55,2025-10-04
2025-10-04 21:06:57+05:30,0.38437312,21:06:57,2025-10-04
2025-10-04 21:06:58+05:30,0.41637317,21:06:58,2025-10-04
2025-10-04 21:06:59+05:30,0.39405416,21:06:59,2025-10-04
2025-10-04 21:07:00+05:30,0.40268900,21:07:00,2025-10-04
2025-10-04 21:07:01+05:30,0.42047650,21:07:01,2025-10-04
2025-10-04 21:07:02+05:30,0.41252203,21:07:02,2025-10-04
2025-10-04 21:07:03+05:30,0.42747970,21:07:03,2025-10-04
2025-10-04 21:07:04+05:30,0.44599984,21:07:04,2025-10-04
2025-10-04 21:07:05+05:30,0.39869607,21:07:05,2025-10-04
2025-10-04 21:07:06+05:30,0.40334425,21:07:06,2025-10-04
2025-10-04 21:07:07+05:30,0.45874985,21:07:07,2025-10-04
2025-10-04 21:07:08+05:30,0.45096901,21:07:08,2025-10-04
2025-10-04 21:07:09+05:30,0.42170706,21:07:09,2025-10-04
2025-10-04 21:07:11+05:30,0.43649447,21:07:11,2025-10-04
2025-10-04 21:07:12+05:30,0.43410434,21:07:12,2025-10-04
2025-10-04 21:07:13+05:30,0.38434274,21:07:13,2025-10-04
2025-10-04 21:07:14+05:30,0.43502654,21:07:14,2025-10-04
2025-10-04 21:07:15+05:30,0.45383440,21:07:15,2025-10-04
2025-10-04 21:07:16+05:30,0.40893012,21:07:16,2025-10-04
2025-10-04 21:07:17+05:30,0.43409964,21:07:17,2025-10-04
2025-10-04 21:07:18+05:30,0.40599046,21:07:18,2025-10-04
2025-10-04 21:07:19+05:30,0.47382710,21:07:19,2025-10-04
2025-10-04 21:07:20+05:30,0.41913752,21:07:20,2025-10-04
2025-10-04 21:07:21+05:30,0.41831753,21:07:21,2025-10-04
2025-10-04 21:07:22+05:30,0.41253222,21:07:22,2025-10-04
2025-10-04 21:07:24+05:30,0.46514122,21:07:24,2025-10-04
2025-10-04 21:07:25+05:30,0.38485414,21:07:25,2025-10-04
2025-10-04 21:07:26+05:30,0.44729510,21:07:26,2025-10-04
2025-10-04 21:07:27+05:30,0.43230045,21:07:27,2025-10-04
2025-10-04 21:07:28+05:30,0.45947895,21:07:28,2025-10-04
2025-10-04 21:07:29+05:30,0.45337624,21:07:29,2025-10-04
2025-10-04 21:07:30+05:30,0.37427265,21:07:30,2025-10-04
2025-10-04 21:07:31+05:30,0.46371753,21:07:31,2025-10-04
2025-10-04 21:07:32+05:30,0.38019107,21:07:32,2025-10-04
2025-10-04 21:07:33+05:30,0.44834038,21:07:33,2025-10-04
2025-10-04 21:07:34+05:30,0.45678246,21:07:34,2025-10-04
2025-10-04 21:07:35+05:30,0.45249917,21:07:35,2025-10-04
2025-10-04 21:07:36+05:30,0.42713270,21:07:36,2025-10-04
2025-10-04 21:07:37+05:30,0.41083838,21:07:37,2025-10-04
2025-10-04 21:07:38+05:30,0.43147531,21:07:38,2025-10-04
2025-10-04 21:07:39+05:30,0.45785766,21:07:39,2025-10-04
2025-10-04 21:07:41+05:30,0.46276254,21:07:41,2025-10-04
2025-10-04 21:07:42+05:30,0.43437083,21:07:42,2025-10-04
2025-10-04 21:07:43+05:30,0.38281547,21:07:43,2025-10-04
2025-10-04 21:07:44+05:30,0.43603619,21:07:44,2025-10-04
2025-10-04 21:07:45+05:30,0.40183326,21:07:45,2025-10-04
2025-10-04 21:07:46+05:30,0.43589432,21:07:46,2025-10-04
2025-10-04 21:07:47+05:30,0.37914556,21:07:47,2025-10-04
2025-10-04 21:07:48+05:30,0.47032194,21:07:48,2025-10-04
2025-10-04 21:07:49+05:30,0.39294968,21:07:49,2025-10-04
2025-10-04 21:07:50+05:30,0.38046512,21:07:50,2025-10-04
2025-10-04 21:07:51+05:30,0.45284399,21:07:51,2025-10-04
2025-10-04 21:07:52+05:30,0.39128917,21:07:52,2025-10-04
2025-10-04 21:07:53+05:30,0.39162286,21:07:53,2025-10-04
2025-10-04 21:07:54+05:30,0.39500262,21:07:54,2025-10-04
2025-10-04 21:07:55+05:30,0.44259189,21:07:55,2025-10-04
2025-10-04 21:07:56+05:30,0.39325544,21:07:56,2025-10-04
2025-10-04 21:07:57+05:30,0.40202489,21:07:57,2025-10-04
2025-10-04 21:07:58+05:30,0.39899840,21:07:58,2025-10-04
2025-10-04 21:07:59+05:30,0.44093134,21:07:59,2025-10-04
2025-10-04 21:08:00+05:30,0.43316022,21:08:00,2025-10-04
2025-10-04 21:08:01+05:30,0.38650520,21:08:01,2025-10-04
2025-10-04 21:08:02+05:30,0.43645078,21:08:02,2025-10-04
2025-10-04 21:08:04+05:30,0.40217336,21:08:04,2025-10-04
2025-10-04 21:08:05+05:30,0.42053495,21:08:05,2025-10-04
2025-10-04 21:08:06+05:30,0.45130213,21:08:06,2025-10-04
2025-10-04 21:08:07+05:30,0.46816328,21:08:07,2025-10-04
2025-10-04 21:08:08+05:30,0.46870271,21:08:08,2025-10-04
2025-10-04 21:08:09+05:30,0.44305693,21:08:09,2025-10-04
2025-10-04 21:08:10+05:30,0.40961641,21:08:10,2025-10-04
2025-10-04 21:08:11+05:30,0.46236725,21:08:11,2025-10-04
2025-10-04 21:08:12+05:30,0.45031315,21:08:12,2025-10-04
2025-10-04 21:08:13+05:30,0.38234523,21:08:13,2025-10-04
2025-10-04 21:08:14+05:30,0.38298884,21:08:14,2025-10-04
2025-10-04 21:08:15+05:30,0.43689727,21:08:15,2025-10-04
2025-10-04 21:08:16+05:30,0.40181492,21:08:16,2025-10-04
2025-10-04 21:08:17+05:30,0.46047386,21:08:17,2025-10-04
2025-10-04 21:08:18+05:30,0.45466345,21:08:18,2025-10-04
2025-10-04 21:08:19+05:30,0.47355965,21:08:19,2025-10-04
2025-10-04 21:08:20+05:30,0.43518600,21:08:20,2025-10-04
2025-10-04 21:08:21+05:30,0.47151970,21:08:21,2025-10-04
2025-10-04 21:08:23+05:30,0.40347867,21:08:23,2025-10-04
2025-10-04 21:08:24+05:30,0.38555016,21:08:24,2025-10-04
2025-10-04 21:08:25+05:30,0.42269325,21:08:25,2025-10-04
2025-10-04 21:08:26+05:30,0.38942216,21:08:26,2025-10-04
2025-10-04 21:08:27+05:30,0.46165682,21:08:27,2025-10-04
2025-10-04 21:08:28+05:30,0.43075623,21:08:28,2025-10-04
2025-10-04 21:08:29+05:30,0.39660487,21:08:29,2025-10-04
2025-10-04 21:08:30+05:30,0.45208825,21:08:30,2025-10-04
2025-10-04 21:08:31+05:30,0.43054134,21:08:31,2025-10-04
2025-10-04 21:08:32+05:30,0.45855865,21:08:32,2025-10-04
2025-10-04 21:08:33+05:30,0.39188114,21:08:33,2025-10-04
2025-10-04 21:08:34+05:30,0.46890590,21:08:34,2025-10-04
2025-10-04 21:08:35+05:30,0.42363144,21:08:35,2025-10-04
2025-10-04 21:08:37+05:30,0.38561481,21:08:37,2025-10-04
2025-10-04 21:08:38+05:30,0.38773973,21:08:38,2025-10-04
2025-10-04 21:08:39+05:30,0.46282585,21:08:39,2025-10-04
2025-10-04 21:08:40+05:30,0.45344047,21:08:40,2025-10-04
2025-10-04 21:08:41+05:30,0.43772674,21:08:41,2025-10-04
2025-10-04 21:08:42+05:30,0.39307821,21:08:42,2025-10-04
2025-10-04 21:08:43+05:30,0.47214924,21:08:43,2025-10-04
2025-10-04 21:08:44+05:30,0.41370092,21:08:44,2025-10-04
2025-10-04 21:08:45+05:30,0.39630585,21:08:45,2025-10-04
2025-10-04 21:08:46+05:30,0.45804944,21:08:46,2025-10-04
2025-10-04 21:08:47+05:30,0.40156997,21:08:47,2025-10-04
2025-10-04 21:08:48+05:30,0.43833175,21:08:48,2025-10-04
2025-10-04 21:08:50+05:30,0.42968397,21:08:50,2025-10-04
2025-10-04 21:08:51+05:30,0.46323988,21:08:51,2025-10-04
2025-10-04 21:08:52+05:30,0.46145841,21:08:52,2025-10-04
2025-10-04 21:08:53+05:30,0.43712172,21:08:53,2025-10-04
2025-10-04 21:08:54+05:30,0.40121939,21:08:54,2025-10-04
2025-10-04 21:08:55+05:30,0.38193259,21:08:55,2025-10-04
2025-10-04 21:08:56+05:30,0.46328647,21:08:56,2025-10-04
2025-10-04 21:08:57+05:30,0.38545127,21:08:57,2025-10-04
2025-10-04 21:08:58+05:30,0.42277496,21:08:58,2025-10-04
2025-10-04 21:08:59+05:30,0.44708710,21:08:59,2025-10-04
2025-10-04 21:09:00+05:30,0.45302718,21:09:00,2025-10-04
2025-10-04 21:09:01+05:30,0.46420173,21:09:01,2025-10-04
2025-10-04 21:09:03+05:30,0.44187039,21:09:03,2025-10-04
2025-10-04 21:09:04+05:30,0.46475971,21:09:04,2025-10-04
2025-10-04 21:09:05+05:30,0.41667229,21:09:05,2025-10-04
2025-10-04 21:09:06+05:30,0.45488423,21:09:06,2025-10-04
2025-10-04 21:09:07+05:30,0.38770469,21:09:07,2025-10-04
2025-10-04 21:09:08+05:30,0.41956510,21:09:08,2025-10-04
2025-10-04 21:09:09+05:30,0.42637103,21:09:09,2025-10-04
2025-10-04 21:09:10+05:30,0.47458102,21:09:10,2025-10-04
2025-10-04 21:09:11+05:30,0.46767978,21:09:11,2025-10-04
2025-10-04 21:09:12+05:30,0.43978739,21:09:12,2025-10-04
2025-10-04 21:09:13+05:30,0.42053321,21:09:13,2025-10-04
2025-10-04 21:09:14+05:30,0.44695021,21:09:14,2025-10-04
2025-10-04 21:09:15+05:30,0.47065788,21:09:15,2025-10-04
2025-10-04 21:09:16+05:30,0.45570171,21:09:16,2025-10-04
2025-10-04 21:09:17+05:30,0.43301270,21:09:17,2025-10-04
2025-10-04 21:09:18+05:30,0.39605112,21:09:18,2025-10-04
2025-10-04 21:09:19+05:30,0.41481743,21:09:19,2025-10-04
2025-10-04 21:09:20+05:30,0.43135165,21:09:20,2025-10-04
2025-10-04 21:09:21+05:30,0.40753602,21:09:21,2025-10-04
2025-10-04 21:09:22+05:30,0.40294398,21:09:22,2025-10-04
2025-10-04 21:09:23+05:30,0.41425240,21:09:23,2025-10-04
2025-10-04 21:09:24+05:30,0.45303189,21:09:24,2025-10-04
2025-10-04 21:09:25+05:30,0.40314573,21:09:25,2025-10-04
2025-10-04 21:09:27+05:30,0.39522889,21:09:27,2025-10-04
2025-10-04 21:09:28+05:30,0.41319031,21:09:28,2025-10-04
2025-10-04 21:09:29+05:30,0.45343625,21:09:29,2025-10-04
2025-10-04 21:09:30+05:30,0.44596971,21:09:30,2025-10-04
2025-10-04 21:09:31+05:30,0.43043217,21:09:31,2025-10-04
2025-10-04 21:09:32+05:30,0.37961678,21:09:32,2025-10-04
2025-10-04 21:09:33+05:30,0.45252281,21:09:33,2025-10-04
2025-10-04 21:09:34+05:30,0.43016923,21:09:34,2025-10-04
2025-10-04 21:09:35+05:30,0.44811642,21:09:35,2025-10-04
2025-10-04 21:09:36+05:30,0.44334765,21:09:36,2025-10-04
2025-10-04 21:09:37+05:30,0.38329653,21:09:37,2025-10-04
2025-10-04 21:09:38+05:30,0.39548253,21:09:38,2025-10-04
2025-10-04 21:09:39+05:30,0.42412389,21:09:39,2025-10-04
2025-10-04 21:09:41+05:30,0.38077946,21:09:41,2025-10-04
2025-10-04 21:09:42+05:30,0.41527285,21:09:42,2025-10-04
2025-10-04 21:09:43+05:30,0.43046959,21:09:43,2025-10-04
2025-10-04 21:09:44+05:30,0.44819344,21:09:44,2025-10-04
2025-10-04 21:09:45+05:30,0.41591461,21:09:45,2025-10-04
2025-10-04 21:09:46+05:30,0.38940769,21:09:46,2025-10-04
2025-10-04 21:09:47+05:30,0.40784196,21:09:47,2025-10-04
2025-10-04 21:09:48+05:30,0.38353499,21:09:48,2025-10-04
2025-10-04 21:09:49+05:30,0.37988528,21:09:49,2025-10-04
2025-10-04 21:09:50+05:30,0.45733574,21:09:50,2025-10-04
2025-10-04 21:09:51+05:30,0.46021708,21:09:51,2025-10-04
2025-10-04 21:09:52+05:30,0.42779490,21:09:52,2025-10-04
2025-10-04 21:09:54+05:30,0.45400281,21:09:54,2025-10-04
2025-10-04 21:09:55+05:30,0.44590987,21:09:55,2025-10-04
2025-10-04 21:09:56+05:30,0.47498334,21:09:56,2025-10-04
2025-10-04 21:09:57+05:30,0.43461036,21:09:57,2025-10-04
2025-10-04 21:09:58+05:30,0.37991236,21:09:58,2025-10-04
2025-10-04 21:09:59+05:30,0.44447424,21:09:59,2025-10-04
2025-10-04 21:10:00+05:30,0.42269496,21:10:00,2025-10-04
2025-10-04 21:10:01+05:30,0.40740902,21:10:01,2025-10-04
2025-10-04 21:10:02+05:30,0.39512725,21:10:02,2025-10-04
2025-10-04 21:10:03+05:30,0.44693554,21:10:03,2025-10-04
2025-10-04 21:10:04+05:30,0.42146816,21:10:04,2025-10-04
2025-10-04 21:10:05+05:30,0.44426635,21:10:05,2025-10-04
2025-10-04 21:10:06+05:30,0.45337809,21:10:06,2025-10-04
2025-10-04 21:10:08+05:30,0.47416413,21:10:08,2025-10-04
2025-10-04 21:10:09+05:30,0.41293079,21:10:09,2025-10-04
2025-10-04 21:10:10+05:30,0.46363215,21:10:10,2025-10-04
2025-10-04 21:10:11+05:30,0.43794440,21:10:11,2025-10-04
2025-10-04 21:10:12+05:30,0.41554343,21:10:12,2025-10-04
2025-10-04 21:10:13+05:30,0.46966339,21:10:13,2025-10-04
2025-10-04 21:10:14+05:30,0.46627955,21:10:14,2025-10-04
2025-10-04 21:10:15+05:30,0.46339514,21:10:15,2025-10-04
2025-10-04 21:10:16+05:30,0.43796684,21:10:16,2025-10-04
2025-10-04 21:10:17+05:30,0.38793294,21:10:17,2025-10-04
2025-10-04 21:10:18+05:30,0.40423352,21:10:18,2025-10-04
2025-10-04 21:10:19+05:30,0.46855117,21:10:19,2025-10-04
2025-10-04 21:10:21+05:30,0.40716042,21:10:21,2025-10-04
2025-10-04 21:10:22+05:30,0.38785536,21:10:22,2025-10-04
2025-10-04 21:10:23+05:30,0.39613511,21:10:23,2025-10-04
2025-10-04 21:10:24+05:30,0.46413550,21:10:24,2025-10-04
2025-10-04 21:10:25+05:30,0.39079053,21:10:25,2025-10-04
2025-10-04 21:10:26+05:30,0.44013120,21:10:26,2025-10-04
2025-10-04 21:10:27+05:30,0.40067792,21:10:27,2025-10-04
2025-10-04 21:10:28+05:30,0.40645458,21:10:28,2025-10-04
2025-10-04 21:10:29+05:30,0.40475509,21:10:29,2025-10-04
2025-10-04 21:10:30+05:30,0.39872343,21:10:30,2025-10-04
2025-10-04 21:10:31+05:30,0.38148855,21:10:31,2025-10-04
2025-10-04 21:10:33+05:30,0.43768020,21:10:33,2025-10-04
2025-10-04 21:10:34+05:30,0.39604565,21:10:34,2025-10-04
2025-10-04 21:10:35+05:30,0.38165300,21:10:35,2025-10-04
2025-10-04 21:10:36+05:30,0.44629348,21:10:36,2025-10-04
2025-10-04 21:10:37+05:30,0.41593050,21:10:37,2025-10-04
2025-10-04 21:10:38+05:30,0.41224275,21:10:38,2025-10-04
2025-10-04 21:10:39+05:30,0.45904398,21:10:39,2025-10-04
2025-10-04 21:10:40+05:30,0.45822850,21:10:40,2025-10-04
2025-10-04 21:10:41+05:30,0.39461730,21:10:41,2025-10-04
2025-10-04 21:10:42+05:30,0.42414119,21:10:42,2025-10-04
2025-10-04 21:10:43+05:30,0.39809389,21:10:43,2025-10-04
2025-10-04 21:10:44+05:30,0.40596780,21:10:44,2025-10-04
2025-10-04 21:10:45+05:30,0.45522898,21:10:45,2025-10-04
2025-10-04 21:10:46+05:30,0.38014319,21:10:46,2025-10-04
2025-10-04 21:10:48+05:30,0.38639207,21:10:48,2025-10-04
2025-10-04 21:10:49+05:30,0.45381571,21:10:49,2025-10-04
2025-10-04 21:10:50+05:30,0.42999042,21:10:50,2025-10-04
2025-10-04 21:10:51+05:30,0.38056426,21:10:51,2025-10-04
2025-10-04 21:10:52+05:30,0.41513957,21:10:52,2025-10-04
2025-10-04 21:10:53+05:30,0.42586570,21:10:53,2025-10-04
2025-10-04 21:10:54+05:30,0.45889752,21:10:54,2025-10-04
2025-10-04 21:10:55+05:30,0.45703800,21:10:55,2025-10-04
2025-10-04 21:10:56+05:30,0.40515325,21:10:56,2025-10-04
2025-10-04 21:10:57+05:30,0.38300285,21:10:57,2025-10-04
2025-10-04 21:10:58+05:30,0.42120548,21:10:58,2025-10-04
2025-10-04 21:10:59+05:30,0.45364458,21:10:59,2025-10-04
2025-10-04 21:11:00+05:30,0.47080471,21:11:00,2025-10-04
2025-10-04 21:11:02+05:30,0.46965828,21:11:02,2025-10-04
2025-10-04 21:11:03+05:30,0.42102275,21:11:03,2025-10-04
2025-10-04 21:11:04+05:30,0.42436004,21:11:04,2025-10-04
2025-10-04 21:11:05+05:30,0.41076984,21:11:05,2025-10-04
2025-10-04 21:11:06+05:30,0.39746828,21:11:06,2025-10-04
2025-10-04 21:11:07+05:30,0.39720421,21:11:07,2025-10-04
2025-10-04 21:11:08+05:30,0.42776692,21:11:08,2025-10-04
2025-10-04 21:11:09+05:30,0.46072216,21:11:09,2025-10-04
2025-10-04 21:11:10+05:30,0.43976339,21:11:10,2025-10-04
2025-10-04 21:11:11+05:30,0.39735446,21:11:11,2025-10-04
2025-10-04 21:11:12+05:30,0.43588854,21:11:12,2025-10-04
2025-10-04 21:11:13+05:30,0.38568603,21:11:13,2025-10-04
2025-10-04 21:11:14+05:30,0.46244176,21:11:14,2025-10-04
2025-10-04 21:11:16+05:30,0.42870253,21:11:16,2025-10-04
2025-10-04 21:11:17+05:30,0.42566920,21:11:17,2025-10-04
2025-10-04 21:11:18+05:30,0.42869760,21:11:18,2025-10-04
2025-10-04 21:11:19+05:30,0.44088238,21:11:19,2025-10-04
2025-10-04 21:11:20+05:30,0.43080666,21:11:20,2025-10-04
2025-10-04 21:11:21+05:30,0.44525734,21:11:21,2025-10-04
2025-10-04 21:11:22+05:30,0.44822524,21:11:22,2025-10-04
2025-10-04 21:11:23+05:30,0.42425641,21:11:23,2025-10-04
2025-10-04 21:11:24+05:30,0.45225257,21:11:24,2025-10-04
2025-10-04 21:11:25+05:30,0.44758817,21:11:25,2025-10-04
2025-10-04 21:11:26+05:30,0.39772520,21:11:26,2025-10-04
2025-10-04 21:11:27+05:30,0.45534501,21:11:27,2025-10-04
2025-10-04 21:11:28+05:30,0.40230742,21:11:28,2025-10-04
2025-10-04 21:11:29+05:30,0.44709267,21:11:29,2025-10-04
2025-10-04 21:11:30+05:30,0.44676704,21:11:30,2025-10-04
2025-10-04 21:11:31+05:30,0.45390652,21:11:31,2025-10-04
2025-10-04 21:11:32+05:30,0.41162090,21:11:32,2025-10-04
2025-10-04 21:11:33+05:30,0.44700931,21:11:33,2025-10-04
2025-10-04 21:11:34+05:30,0.41418201,21:11:34,2025-10-04
2025-10-04 21:11:35+05:30,0.38739013,21:11:35,2025-10-04
2025-10-04 21:11:36+05:30,0.37825915,21:11:36,2025-10-04
2025-10-04 21:11:37+05:30,0.40707077,21:11:37,2025-10-04
2025-10-04 21:11:38+05:30,0.46419900,21:11:38,2025-10-04
2025-10-04 21:11:39+05:30,0.41693967,21:11:39,2025-10-04
2025-10-04 21:11:40+05:30,0.39268297,21:11:40,2025-10-04
2025-10-04 21:11:42+05:30,0.40941197,21:11:42,2025-10-04
2025-10-04 21:11:43+05:30,0.43151961,21:11:43,2025-10-04
2025-10-04 21:11:44+05:30,0.45332557,21:11:44,2025-10-04
2025-10-04 21:11:45+05:30,0.40777189,21:11:45,2025-10-04
2025-10-04 21:11:46+05:30,0.42978967,21:11:46,2025-10-04
2025-10-04 21:11:47+05:30,0.38090567,21:11:47,2025-10-04
2025-10-04 21:11:48+05:30,0.42706006,21:11:48,2025-10-04
2025-10-04 21:11:49+05:30,0.43563883,21:11:49,2025-10-04
2025-10-04 21:11:50+05:30,0.46197587,21:11:50,2025-10-04
2025-10-04 21:11:51+05:30,0.45105579,21:11:51,2025-10-04
2025-10-04 21:11:52+05:30,0.38332324,21:11:52,2025-10-04
2025-10-04 21:11:53+05:30,0.39611524,21:11:53,2025-10-04
2025-10-04 21:11:54+05:30,0.42079014,21:11:54,2025-10-04
2025-10-04 21:11:55+05:30,0.38620867,21:11:55,2025-10-04
2025-10-04 21:11:56+05:30,0.45080170,21:11:56,2025-10-04
2025-10-04 21:11:57+05:30,0.44395459,21:11:57,2025-10-04
2025-10-04 21:11:58+05:30,0.41277726,21:11:58,2025-10-04
2025-10-04 21:11:59+05:30,0.45462663,21:11:59,2025-10-04
2025-10-04 21:12:00+05:30,0.40965683,21:12:00,2025-10-04
2025-10-04 21:12:01+05:30,0.45892079,21:12:01,2025-10-04
2025-10-04 21:12:02+05:30,0.43093116,21:12:02,2025-10-04
2025-10-04 21:12:03+05:30,0.46443670,21:12:03,2025-10-04
2025-10-04 21:12:04+05:30,0.39581498,21:12:04,2025-10-04
2025-10-04 21:12:05+05:30,0.42891194,21:12:05,2025-10-04
2025-10-04 21:12:06+05:30,0.45161485,21:12:06,2025-10-04
2025-10-04 21:12:07+05:30,0.40684960,21:12:07,2025-10-04
2025-10-04 21:12:08+05:30,0.41852675,21:12:08,2025-10-04
2025-10-04 21:12:09+05:30,0.39760364,21:12:09,2025-10-04
2025-10-04 21:12:11+05:30,0.38045053,21:12:11,2025-10-04
2025-10-04 21:12:12+05:30,0.38242426,21:12:12,2025-10-04
2025-10-04 21:12:13+05:30,0.40896457,21:12:13,2025-10-04
2025-10-04 21:12:14+05:30,0.40327505,21:12:14,2025-10-04
2025-10-04 21:12:15+05:30,0.38659206,21:12:15,2025-10-04
2025-10-04 21:12:16+05:30,0.46914556,21:12:16,2025-10-04
2025-10-04 21:12:17+05:30,0.46221229,21:12:17,2025-10-04
2025-10-04 21:12:18+05:30,0.38484312,21:12:18,2025-10-04
2025-10-04 21:12:19+05:30,0.46091099,21:12:19,2025-10-04
2025-10-04 21:12:20+05:30,0.45745475,21:12:20,2025-10-04
2025-10-04 21:12:21+05:30,0.45031669,21:12:21,2025-10-04
2025-10-04 21:12:22+05:30,0.44344961,21:12:22,2025-10-04
2025-10-04 21:12:23+05:30,0.46291208,21:12:23,2025-10-04
2025-10-04 21:12:24+05:30,0.42424207,21:12:24,2025-10-04
2025-10-04 21:12:25+05:30,0.39298540,21:12:25,2025-10-04
2025-10-04 21:12:26+05:30,0.45250447,21:12:26,2025-10-04
2025-10-04 21:12:27+05:30,0.47798045,21:12:27,2025-10-04
2025-10-04 21:12:28+05:30,0.46775076,21:12:28,2025-10-04
2025-10-04 21:12:30+05:30,0.38974103,21:12:30,2025-10-04
2025-10-04 21:12:31+05:30,0.46143401,21:12:31,2025-10-04
2025-10-04 21:12:32+05:30,0.45997625,21:12:32,2025-10-04
2025-10-04 21:12:33+05:30,0.42527216,21:12:33,2025-10-04
2025-10-04 21:12:34+05:30,0.45539247,21:12:34,2025-10-04
2025-10-04 21:12:35+05:30,0.44484413,21:12:35,2025-10-04
2025-10-04 21:12:36+05:30,0.41532757,21:12:36,2025-10-04
2025-10-04 21:12:37+05:30,0.47075752,21:12:37,2025-10-04
2025-10-04 21:12:38+05:30,0.47361945,21:12:38,2025-10-04
2025-10-04 21:12:39+05:30,0.42164736,21:12:39,2025-10-04
2025-10-04 21:12:40+05:30,0.39539919,21:12:40,2025-10-04
2025-10-04 21:12:41+05:30,0.41392581,21:12:41,2025-10-04
2025-10-04 21:12:42+05:30,0.37963266,21:12:42,2025-10-04
2025-10-04 21:12:43+05:30,0.40149363,21:12:43,2025-10-04
2025-10-04 21:12:44+05:30,0.47472675,21:12:44,2025-10-04
2025-10-04 21:12:46+05:30,0.39819678,21:12:46,2025-10-04
2025-10-04 21:12:47+05:30,0.38500943,21:12:47,2025-10-04
2025-10-04 21:12:48+05:30,0.44228116,21:12:48,2025-10-04
2025-10-04 21:12:49+05:30,0.43222514,21:12:49,2025-10-04
2025-10-04 21:12:50+05:30,0.45342388,21:12:50,2025-10-04
2025-10-04 21:12:51+05:30,0.39338833,21:12:51,2025-10-04
2025-10-04 21:12:52+05:30,0.46771719,21:12:52,2025-10-04
2025-10-04 21:12:53+05:30,0.46843224,21:12:53,2025-10-04
2025-10-04 21:12:54+05:30,0.46520887,21:12:54,2025-10-04
2025-10-04 21:12:55+05:30,0.46737292,21:12:55,2025-10-04
2025-10-04 21:12:56+05:30,0.40328327,21:12:56,2025-10-04
2025-10-04 21:12:57+05:30,0.40957536,21:12:57,2025-10-04
2025-10-04 21:12:58+05:30,0.43205118,21:12:58,2025-10-04
2025-10-04 21:13:00+05:30,0.47544135,21:13:00,2025-10-04
2025-10-04 21:13:01+05:30,0.45987816,21:13:01,2025-10-04
2025-10-04 21:13:02+05:30,0.41239543,21:13:02,2025-10-04
2025-10-04 21:13:03+05:30,0.47573529,21:13:03,2025-10-04
2025-10-04 21:13:04+05:30,0.44288536,21:13:04,2025-10-04
2025-10-04 21:13:05+05:30,0.46775563,21:13:05,2025-10-04
2025-10-04 21:13:06+05:30,0.45851270,21:13:06,2025-10-04
2025-10-04 21:13:07+05:30,0.47309395,21:13:07,2025-10-04
2025-10-04 21:13:08+05:30,0.44726130,21:13:08,2025-10-04
2025-10-04 21:13:09+05:30,0.40051539,21:13:09,2025-10-04
2025-10-04 21:13:10+05:30,0.40356870,21:13:10,2025-10-04
2025-10-04 21:13:11+05:30,0.46046881,21:13:11,2025-10-04
2025-10-04 21:13:12+05:30,0.43561380,21:13:12,2025-10-04
2025-10-04 21:13:13+05:30,0.43629823,21:13:13,2025-10-04
2025-10-04 21:13:14+05:30,0.46962986,21:13:14,2025-10-04
2025-10-04 21:13:15+05:30,0.46509843,21:13:15,2025-10-04
2025-10-04 21:13:16+05:30,0.42240709,21:13:16,2025-10-04
2025-10-04 21:13:17+05:30,0.40026808,21:13:17,2025-10-04
2025-10-04 21:13:18+05:30,0.42014804,21:13:18,2025-10-04
2025-10-04 21:13:20+05:30,0.39315229,21:13:20,2025-10-04
2025-10-04 21:13:21+05:30,0.43117153,21:13:21,2025-10-04
2025-10-04 21:13:22+05:30,0.39438621,21:13:22,2025-10-04
2025-10-04 21:13:23+05:30,0.41554366,21:13:23,2025-10-04
2025-10-04 21:13:24+05:30,0.41564098,21:13:24,2025-10-04
2025-10-04 21:13:25+05:30,0.41452765,21:13:25,2025-10-04
2025-10-04 21:13:26+05:30,0.43839031,21:13:26,2025-10-04
2025-10-04 21:13:27+05:30,0.43126566,21:13:27,2025-10-04
2025-10-04 21:13:28+05:30,0.43012808,21:13:28,2025-10-04
2025-10-04 21:13:29+05:30,0.41749437,21:13:29,2025-10-04
2025-10-04 21:13:30+05:30,0.38729488,21:13:30,2025-10-04
2025-10-04 21:13:31+05:30,0.45728846,21:13:31,2025-10-04
2025-10-04 21:13:32+05:30,0.47264030,21:13:32,2025-10-04
2025-10-04 21:13:33+05:30,0.45179181,21:13:33,2025-10-04
2025-10-04 21:13:35+05:30,0.45702545,21:13:35,2025-10-04
2025-10-04 21:13:36+05:30,0.40549201,21:13:36,2025-10-04
2025-10-04 21:13:37+05:30,0.44033380,21:13:37,2025-10-04
2025-10-04 21:13:38+05:30,0.42093468,21:13:38,2025-10-04
2025-10-04 21:13:39+05:30,0.41923213,21:13:39,2025-10-04
2025-10-04 21:13:40+05:30,0.40573250,21:13:40,2025-10-04
2025-10-04 21:13:41+05:30,0.46132605,21:13:41,2025-10-04
2025-10-04 21:13:42+05:30,0.42052870,21:13:42,2025-10-04
2025-10-04 21:13:43+05:30,0.46657536,21:13:43,2025-10-04
2025-10-04 21:13:44+05:30,0.38861160,21:13:44,2025-10-04
2025-10-04 21:13:45+05:30,0.40294621,21:13:45,2025-10-04
2025-10-04 21:13:46+05:30,0.39542794,21:13:46,2025-10-04
2025-10-04 21:13:47+05:30,0.39202381,21:13:47,2025-10-04
2025-10-04 21:13:48+05:30,0.44070543,21:13:48,2025-10-04
2025-10-04 21:13:50+05:30,0.40895978,21:13:50,2025-10-04
2025-10-04 21:13:51+05:30,0.46991481,21:13:51,2025-10-04
2025-10-04 21:13:52+05:30,0.45297396,21:13:52,2025-10-04
2025-10-04 21:13:53+05:30,0.44328087,21:13:53,2025-10-04
2025-10-04 21:13:54+05:30,0.46745153,21:13:54,2025-10-04
2025-10-04 21:13:55+05:30,0.42020224,21:13:55,2025-10-04
2025-10-04 21:13:56+05:30,0.38364159,21:13:56,2025-10-04
2025-10-04 21:13:57+05:30,0.43830274,21:13:57,2025-10-04
2025-10-04 21:13:58+05:30,0.42307687,21:13:58,2025-10-04
2025-10-04 21:13:59+05:30,0.43229244,21:13:59,2025-10-04
2025-10-04 21:14:00+05:30,0.41706167,21:14:00,2025-10-04
2025-10-04 21:14:01+05:30,0.45553372,21:14:01,2025-10-04
2025-10-04 21:14:02+05:30,0.38865748,21:14:02,2025-10-04
2025-10-04 21:14:03+05:30,0.44652941,21:14:03,2025-10-04
2025-10-04 21:14:05+05:30,0.44100661,21:14:05,2025-10-04
2025-10-04 21:14:06+05:30,0.39448520,21:14:06,2025-10-04
2025-10-04 21:14:07+05:30,0.41885592,21:14:07,2025-10-04
2025-10-04 21:14:08+05:30,0.41012280,21:14:08,2025-10-04
2025-10-04 21:14:09+05:30,0.39552889,21:14:09,2025-10-04
2025-10-04 21:14:10+05:30,0.39259127,21:14:10,2025-10-04
2025-10-04 21:14:11+05:30,0.45148087,21:14:11,2025-10-04
2025-10-04 21:14:12+05:30,0.43941762,21:14:12,2025-10-04
2025-10-04 21:14:13+05:30,0.40243048,21:14:13,2025-10-04
2025-10-04 21:14:14+05:30,0.42725634,21:14:14,2025-10-04
2025-10-04 21:14:15+05:30,0.45261744,21:14:15,2025-10-04
2025-10-04 21:14:17+05:30,0.42682771,21:14:17,2025-10-04
2025-10-04 21:14:18+05:30,0.42868716,21:14:18,2025-10-04
2025-10-04 21:14:19+05:30,0.42919821,21:14:19,2025-10-04
2025-10-04 21:14:20+05:30,0.42436964,21:14:20,2025-10-04
2025-10-04 21:14:21+05:30,0.44177805,21:14:21,2025-10-04
2025-10-04 21:14:22+05:30,0.45695652,21:14:22,2025-10-04
2025-10-04 21:14:23+05:30,0.42856362,21:14:23,2025-10-04
2025-10-04 21:14:24+05:30,0.46143967,21:14:24,2025-10-04
2025-10-04 21:14:25+05:30,0.47837890,21:14:25,2025-10-04
2025-10-04 21:14:26+05:30,0.38911503,21:14:26,2025-10-04
2025-10-04 21:14:28+05:30,0.39500203,21:14:28,2025-10-04
2025-10-04 21:14:29+05:30,0.47501555,21:14:29,2025-10-04
2025-10-04 21:14:30+05:30,0.40556307,21:14:30,2025-10-04
2025-10-04 21:14:31+05:30,0.38045774,21:14:31,2025-10-04
2025-10-04 21:14:32+05:30,0.44847359,21:14:32,2025-10-04
2025-10-04 21:14:33+05:30,0.42617705,21:14:33,2025-10-04
2025-10-04 21:14:34+05:30,0.45167978,21:14:34,2025-10-04
2025-10-04 21:14:35+05:30,0.46426093,21:14:35,2025-10-04
2025-10-04 21:14:36+05:30,0.41880220,21:14:36,2025-10-04
2025-10-04 21:14:37+05:30,0.44258260,21:14:37,2025-10-04
2025-10-04 21:14:38+05:30,0.40519092,21:14:38,2025-10-04
2025-10-04 21:14:39+05:30,0.43568340,21:14:39,2025-10-04
2025-10-04 21:14:41+05:30,0.43605311,21:14:41,2025-10-04
2025-10-04 21:14:42+05:30,0.44748121,21:14:42,2025-10-04
2025-10-04 21:14:43+05:30,0.41080411,21:14:43,2025-10-04
2025-10-04 21:14:44+05:30,0.44948446,21:14:44,2025-10-04
2025-10-04 21:14:45+05:30,0.41349264,21:14:45,2025-10-04
2025-10-04 21:14:46+05:30,0.38968767,21:14:46,2025-10-04
2025-10-04 21:14:47+05:30,0.44347858,21:14:47,2025-10-04
2025-10-04 21:14:48+05:30,0.40160895,21:14:48,2025-10-04
2025-10-04 21:14:49+05:30,0.42125076,21:14:49,2025-10-04
2025-10-04 21:14:50+05:30,0.43878017,21:14:50,2025-10-04
2025-10-04 21:14:52+05:30,0.41553271,21:14:52,2025-10-04
2025-10-04 21:14:53+05:30,0.41679752,21:14:53,2025-10-04
2025-10-04 21:14:54+05:30,0.41411215,21:14:54,2025-10-04
2025-10-04 21:14:55+05:30,0.43354487,21:14:55,2025-10-04
2025-10-04 21:14:56+05:30,0.39915331,21:14:56,2025-10-04
2025-10-04 21:14:57+05:30,0.42719356,21:14:57,2025-10-04
2025-10-04 21:14:58+05:30,0.39240332,21:14:58,2025-10-04
2025-10-04 21:14:59+05:30,0.41871206,21:14:59,2025-10-04
2025-10-04 21:15:00+05:30,0.42890877,21:15:00,2025-10-04
2025-10-04 21:15:01+05:30,0.40311701,21:15:01,2025-10-04
2025-10-04 21:15:02+05:30,0.39643717,21:15:02,2025-10-04
2025-10-04 21:15:04+05:30,0.43993956,21:15:04,2025-10-04
2025-10-04 21:15:05+05:30,0.42192646,21:15:05,2025-10-04
2025-10-04 21:15:06+05:30,0.45090866,21:15:06,2025-10-04
2025-10-04 21:15:07+05:30,0.41338389,21:15:07,2025-10-04
2025-10-04 21:15:08+05:30,0.41486451,21:15:08,2025-10-04
2025-10-04 21:15:09+05:30,0.46377938,21:15:09,2025-10-04
2025-10-04 21:15:10+05:30,0.44024228,21:15:10,2025-10-04
2025-10-04 21:15:11+05:30,0.47156182,21:15:11,2025-10-04
2025-10-04 21:15:12+05:30,0.38099152,21:15:12,2025-10-04
2025-10-04 21:15:13+05:30,0.38423961,21:15:13,2025-10-04
2025-10-04 21:15:14+05:30,0.45456345,21:15:14,2025-10-04
2025-10-04 21:15:15+05:30,0.44769889,21:15:15,2025-10-04
2025-10-04 21:15:17+05:30,0.48024021,21:15:17,2025-10-04
2025-10-04 21:15:18+05:30,0.38364346,21:15:18,2025-10-04
2025-10-04 21:15:19+05:30,0.43264460,21:15:19,2025-10-04
2025-10-04 21:15:20+05:30,0.39513965,21:15:20,2025-10-04
2025-10-04 21:15:21+05:30,0.41742977,21:15:21,2025-10-04
2025-10-04 21:15:22+05:30,0.44870301,21:15:22,2025-10-04
2025-10-04 21:15:23+05:30,0.40412569,21:15:23,2025-10-04
2025-10-04 21:15:24+05:30,0.42378545,21:15:24,2025-10-04
2025-10-04 21:15:25+05:30,0.38528649,21:15:25,2025-10-04
2025-10-04 21:15:26+05:30,0.44270570,21:15:26,2025-10-04
2025-10-04 21:15:27+05:30,0.46862479,21:15:27,2025-10-04
2025-10-04 21:15:28+05:30,0.45080622,21:15:28,2025-10-04
2025-10-04 21:15:29+05:30,0.42701151,21:15:29,2025-10-04
2025-10-04 21:15:30+05:30,0.44150261,21:15:30,2025-10-04
2025-10-04 21:15:31+05:30,0.39219892,21:15:31,2025-10-04
2025-10-04 21:15:33+05:30,0.43097640,21:15:33,2025-10-04
2025-10-04 21:15:34+05:30,0.45916533,21:15:34,2025-10-04
2025-10-04 21:15:35+05:30,0.42305430,21:15:35,2025-10-04
2025-10-04 21:15:36+05:30,0.45903030,21:15:36,2025-10-04
2025-10-04 21:15:37+05:30,0.43014558,21:15:37,2025-10-04
2025-10-04 21:15:38+05:30,0.43862651,21:15:38,2025-10-04
2025-10-04 21:15:39+05:30,0.44605338,21:15:39,2025-10-04
2025-10-04 21:15:40+05:30,0.46393778,21:15:40,2025-10-04
2025-10-04 21:15:41+05:30,0.39576850,21:15:41,2025-10-04
2025-10-04 21:15:42+05:30,0.46810407,21:15:42,2025-10-04
2025-10-04 21:15:43+05:30,0.42006115,21:15:43,2025-10-04
2025-10-04 21:15:44+05:30,0.42222993,21:15:44,2025-10-04
2025-10-04 21:15:46+05:30,0.45521169,21:15:46,2025-10-04
2025-10-04 21:15:47+05:30,0.47790246,21:15:47,2025-10-04
2025-10-04 21:15:48+05:30,0.46493046,21:15:48,2025-10-04
2025-10-04 21:15:49+05:30,0.46364764,21:15:49,2025-10-04
2025-10-04 21:15:50+05:30,0.42061807,21:15:50,2025-10-04
2025-10-04 21:15:51+05:30,0.46664408,21:15:51,2025-10-04
2025-10-04 21:15:52+05:30,0.45938249,21:15:52,2025-10-04
2025-10-04 21:15:53+05:30,0.41919260,21:15:53,2025-10-04
2025-10-04 21:15:54+05:30,0.48068842,21:15:54,2025-10-04
2025-10-04 21:15:55+05:30,0.44245083,21:15:55,2025-10-04
2025-10-04 21:15:56+05:30,0.39683539,21:15:56,2025-10-04
2025-10-04 21:15:57+05:30,0.45322138,21:15:57,2025-10-04
2025-10-04 21:15:58+05:30,0.46575373,21:15:58,2025-10-04
2025-10-04 21:15:59+05:30,0.42505556,21:15:59,2025-10-04
2025-10-04 21:16:01+05:30,0.40924262,21:16:01,2025-10-04
2025-10-04 21:16:02+05:30,0.40565481,21:16:02,2025-10-04
2025-10-04 21:16:03+05:30,0.41340498,21:16:03,2025-10-04
2025-10-04 21:16:04+05:30,0.46641420,21:16:04,2025-10-04
2025-10-04 21:16:05+05:30,0.40566982,21:16:05,2025-10-04
2025-10-04 21:16:06+05:30,0.45229724,21:16:06,2025-10-04
2025-10-04 21:16:07+05:30,0.43855012,21:16:07,2025-10-04
2025-10-04 21:16:08+05:30,0.47018585,21:16:08,2025-10-04
2025-10-04 21:16:09+05:30,0.40537956,21:16:09,2025-10-04
2025-10-04 21:16:10+05:30,0.39547320,21:16:10,2025-10-04
2025-10-04 21:16:11+05:30,0.46432847,21:16:11,2025-10-04
2025-10-04 21:16:13+05:30,0.42045568,21:16:13,2025-10-04
2025-10-04 21:16:14+05:30,0.43945083,21:16:14,2025-10-04
2025-10-04 21:16:15+05:30,0.43473614,21:16:15,2025-10-04
2025-10-04 21:16:16+05:30,0.38828906,21:16:16,2025-10-04
2025-10-04 21:16:17+05:30,0.39549667,21:16:17,2025-10-04
2025-10-04 21:16:18+05:30,0.43119640,21:16:18,2025-10-04
2025-10-04 21:16:19+05:30,0.44581619,21:16:19,2025-10-04
2025-10-04 21:16:20+05:30,0.42934312,21:16:20,2025-10-04
2025-10-04 21:16:21+05:30,0.44301357,21:16:21,2025-10-04
2025-10-04 21:16:22+05:30,0.39401777,21:16:22,2025-10-04
2025-10-04 21:16:23+05:30,0.39396684,21:16:23,2025-10-04
2025-10-04 21:16:24+05:30,0.42897067,21:16:24,2025-10-04
2025-10-04 21:16:26+05:30,0.38902176,21:16:26,2025-10-04
2025-10-04 21:16:27+05:30,0.46982841,21:16:27,2025-10-04
2025-10-04 21:16:28+05:30,0.44101783,21:16:28,2025-10-04
2025-10-04 21:16:29+05:30,0.40761340,21:16:29,2025-10-04
2025-10-04 21:16:30+05:30,0.40455778,21:16:30,2025-10-04
2025-10-04 21:16:31+05:30,0.41210832,21:16:31,2025-10-04
2025-10-04 21:16:32+05:30,0.43481440,21:16:32,2025-10-04
2025-10-04 21:16:33+05:30,0.45276411,21:16:33,2025-10-04
2025-10-04 21:16:34+05:30,0.39816347,21:16:34,2025-10-04
2025-10-04 21:16:35+05:30,0.47214247,21:16:35,2025-10-04
2025-10-04 21:16:36+05:30,0.41147657,21:16:36,2025-10-04
2025-10-04 21:16:37+05:30,0.38787701,21:16:37,2025-10-04
2025-10-04 21:16:39+05:30,0.47992636,21:16:39,2025-10-04
2025-10-04 21:16:40+05:30,0.44433358,21:16:40,2025-10-04
2025-10-04 21:16:41+05:30,0.44943782,21:16:41,2025-10-04
2025-10-04 21:16:42+05:30,0.43106643,21:16:42,2025-10-04
2025-10-04 21:16:43+05:30,0.38442073,21:16:43,2025-10-04
2025-10-04 21:16:44+05:30,0.44432535,21:16:44,2025-10-04
2025-10-04 21:16:45+05:30,0.41607296,21:16:45,2025-10-04
2025-10-04 21:16:46+05:30,0.47140892,21:16:46,2025-10-04
2025-10-04 21:16:47+05:30,0.43217219,21:16:47,2025-10-04
2025-10-04 21:16:48+05:30,0.39723018,21:16:48,2025-10-04
2025-10-04 21:16:49+05:30,0.41986734,21:16:49,2025-10-04
2025-10-04 21:16:50+05:30,0.43010495,21:16:50,2025-10-04
2025-10-04 21:16:51+05:30,0.43233079,21:16:51,2025-10-04
2025-10-04 21:16:52+05:30,0.38599781,21:16:52,2025-10-04
2025-10-04 21:16:53+05:30,0.45247418,21:16:53,2025-10-04
2025-10-04 21:16:54+05:30,0.43752966,21:16:54,2025-10-04
2025-10-04 21:16:55+05:30,0.45588154,21:16:55,2025-10-04
2025-10-04 21:16:56+05:30,0.46905568,21:16:56,2025-10-04
2025-10-04 21:16:57+05:30,0.47985658,21:16:57,2025-10-04
2025-10-04 21:16:58+05:30,0.42425835,21:16:58,2025-10-04
2025-10-04 21:16:59+05:30,0.38462999,21:16:59,2025-10-04
2025-10-04 21:17:00+05:30,0.40169107,21:17:00,2025-10-04
2025-10-04 21:17:01+05:30,0.41597620,21:17:01,2025-10-04
2025-10-04 21:17:02+05:30,0.42997415,21:17:02,2025-10-04
2025-10-04 21:17:03+05:30,0.40319934,21:17:03,2025-10-04
2025-10-04 21:17:04+05:30,0.39125541,21:17:04,2025-10-04
2025-10-04 21:17:05+05:30,0.39438008,21:17:05,2025-10-04
2025-10-04 21:17:06+05:30,0.42997759,21:17:06,2025-10-04
2025-10-04 21:17:08+05:30,0.39888577,21:17:08,2025-10-04
2025-10-04 21:17:09+05:30,0.41436157,21:17:09,2025-10-04
2025-10-04 21:17:10+05:30,0.41756574,21:17:10,2025-10-04
2025-10-04 21:17:11+05:30,0.41864257,21:17:11,2025-10-04
2025-10-04 21:17:12+05:30,0.42285338,21:17:12,2025-10-04
2025-10-04 21:17:13+05:30,0.40012660,21:17:13,2025-10-04
2025-10-04 21:17:14+05:30,0.42689742,21:17:14,2025-10-04
2025-10-04 21:17:15+05:30,0.41536071,21:17:15,2025-10-04
2025-10-04 21:17:16+05:30,0.46127287,21:17:16,2025-10-04
2025-10-04 21:17:17+05:30,0.47205753,21:17:17,2025-10-04
2025-10-04 21:17:18+05:30,0.41335906,21:17:18,2025-10-04
2025-10-04 21:17:19+05:30,0.40762726,21:17:19,2025-10-04
2025-10-04 21:17:20+05:30,0.45981058,21:17:20,2025-10-04
2025-10-04 21:17:21+05:30,0.40583894,21:17:21,2025-10-04
2025-10-04 21:17:22+05:30,0.47482483,21:17:22,2025-10-04
2025-10-04 21:17:23+05:30,0.44410116,21:17:23,2025-10-04
2025-10-04 21:17:24+05:30,0.41379242,21:17:24,2025-10-04
2025-10-04 21:17:25+05:30,0.47465679,21:17:25,2025-10-04
2025-10-04 21:17:26+05:30,0.41482167,21:17:26,2025-10-04
2025-10-04 21:17:27+05:30,0.45941219,21:17:27,2025-10-04
2025-10-04 21:17:28+05:30,0.45142011,21:17:28,2025-10-04
2025-10-04 21:17:29+05:30,0.42239546,21:17:29,2025-10-04
2025-10-04 21:17:30+05:30,0.47443373,21:17:30,2025-10-04
2025-10-04 21:17:32+05:30,0.47616072,21:17:32,2025-10-04
2025-10-04 21:17:33+05:30,0.44746055,21:17:33,2025-10-04
2025-10-04 21:17:34+05:30,0.48139760,21:17:34,2025-10-04
2025-10-04 21:17:35+05:30,0.40496643,21:17:35,2025-10-04
2025-10-04 21:17:36+05:30,0.42867283,21:17:36,2025-10-04
2025-10-04 21:17:37+05:30,0.46961953,21:17:37,2025-10-04
2025-10-04 21:17:38+05:30,0.42992693,21:17:38,2025-10-04
2025-10-04 21:17:39+05:30,0.43091548,21:17:39,2025-10-04
2025-10-04 21:17:40+05:30,0.44944119,21:17:40,2025-10-04
2025-10-04 21:17:41+05:30,0.46951486,21:17:41,2025-10-04
2025-10-04 21:17:42+05:30,0.42050032,21:17:42,2025-10-04
2025-10-04 21:17:43+05:30,0.46240945,21:17:43,2025-10-04
2025-10-04 21:17:44+05:30,0.42999071,21:17:44,2025-10-04
2025-10-04 21:17:46+05:30,0.47850780,21:17:46,2025-10-04
2025-10-04 21:17:47+05:30,0.43296509,21:17:47,2025-10-04
2025-10-04 21:17:48+05:30,0.40233877,21:17:48,2025-10-04
2025-10-04 21:17:49+05:30,0.47274884,21:17:49,2025-10-04
2025-10-04 21:17:50+05:30,0.39109765,21:17:50,2025-10-04
2025-10-04 21:17:51+05:30,0.44070541,21:17:51,2025-10-04
2025-10-04 21:17:52+05:30,0.43798637,21:17:52,2025-10-04
2025-10-04 21:17:53+05:30,0.48138573,21:17:53,2025-10-04
2025-10-04 21:17:54+05:30,0.46846938,21:17:54,2025-10-04
2025-10-04 21:17:55+05:30,0.42026932,21:17:55,2025-10-04
2025-10-04 21:17:56+05:30,0.39314287,21:17:56,2025-10-04
2025-10-04 21:17:57+05:30,0.44047497,21:17:57,2025-10-04
2025-10-04 21:17:58+05:30,0.44154196,21:17:58,2025-10-04
2025-10-04 21:17:59+05:30,0.41521119,21:17:59,2025-10-04
2025-10-04 21:18:01+05:30,0.39680406,21:18:01,2025-10-04
2025-10-04 21:18:02+05:30,0.43075336,21:18:02,2025-10-04
2025-10-04 21:18:03+05:30,0.45095170,21:18:03,2025-10-04
2025-10-04 21:18:04+05:30,0.42213396,21:18:04,2025-10-04
2025-10-04 21:18:05+05:30,0.42553624,21:18:05,2025-10-04
2025-10-04 21:18:06+05:30,0.47482445,21:18:06,2025-10-04
2025-10-04 21:18:07+05:30,0.44596661,21:18:07,2025-10-04
2025-10-04 21:18:08+05:30,0.46677216,21:18:08,2025-10-04
2025-10-04 21:18:09+05:30,0.46656121,21:18:09,2025-10-04
2025-10-04 21:18:10+05:30,0.38535992,21:18:10,2025-10-04
2025-10-04 21:18:11+05:30,0.38516617,21:18:11,2025-10-04
2025-10-04 21:18:12+05:30,0.41470700,21:18:12,2025-10-04
2025-10-04 21:18:13+05:30,0.38340522,21:18:13,2025-10-04
2025-10-04 21:18:15+05:30,0.47700651,21:18:15,2025-10-04
2025-10-04 21:18:16+05:30,0.43586290,21:18:16,2025-10-04
2025-10-04 21:18:17+05:30,0.39491690,21:18:17,2025-10-04
2025-10-04 21:18:18+05:30,0.40041931,21:18:18,2025-10-04
2025-10-04 21:18:19+05:30,0.42008094,21:18:19,2025-10-04
2025-10-04 21:18:20+05:30,0.48245210,21:18:20,2025-10-04
2025-10-04 21:18:21+05:30,0.43849797,21:18:21,2025-10-04
2025-10-04 21:18:22+05:30,0.46980735,21:18:22,2025-10-04
2025-10-04 21:18:23+05:30,0.43080990,21:18:23,2025-10-04
2025-10-04 21:18:24+05:30,0.42106310,21:18:24,2025-10-04
2025-10-04 21:18:25+05:30,0.42657078,21:18:25,2025-10-04
2025-10-04 21:18:26+05:30,0.45144584,21:18:26,2025-10-04
2025-10-04 21:18:28+05:30,0.46001053,21:18:28,2025-10-04
2025-10-04 21:18:29+05:30,0.45223632,21:18:29,2025-10-04
2025-10-04 21:18:30+05:30,0.39820264,21:18:30,2025-10-04
2025-10-04 21:18:31+05:30,0.46714268,21:18:31,2025-10-04
2025-10-04 21:18:32+05:30,0.40032084,21:18:32,2025-10-04
2025-10-04 21:18:33+05:30,0.43700339,21:18:33,2025-10-04
2025-10-04 21:18:34+05:30,0.42955768,21:18:34,2025-10-04
2025-10-04 21:18:35+05:30,0.45300888,21:18:35,2025-10-04
2025-10-04 21:18:36+05:30,0.47222419,21:18:36,2025-10-04
2025-10-04 21:18:37+05:30,0.39467232,21:18:37,2025-10-04
2025-10-04 21:18:38+05:30,0.39461577,21:18:38,2025-10-04
2025-10-04 21:18:39+05:30,0.48278450,21:18:39,2025-10-04
2025-10-04 21:18:40+05:30,0.38499021,21:18:40,2025-10-04
2025-10-04 21:18:42+05:30,0.42374251,21:18:42,2025-10-04
2025-10-04 21:18:43+05:30,0.45753590,21:18:43,2025-10-04
2025-10-04 21:18:44+05:30,0.40455877,21:18:44,2025-10-04
2025-10-04 21:18:45+05:30,0.46427319,21:18:45,2025-10-04
2025-10-04 21:18:46+05:30,0.45118903,21:18:46,2025-10-04
2025-10-04 21:18:47+05:30,0.40197085,21:18:47,2025-10-04
2025-10-04 21:18:48+05:30,0.44277301,21:18:48,2025-10-04
2025-10-04 21:18:49+05:30,0.46962457,21:18:49,2025-10-04
2025-10-04 21:18:50+05:30,0.42181413,21:18:50,2025-10-04
2025-10-04 21:18:51+05:30,0.48111190,21:18:51,2025-10-04
2025-10-04 21:18:52+05:30,0.47801068,21:18:52,2025-10-04
2025-10-04 21:18:53+05:30,0.43720108,21:18:53,2025-10-04
2025-10-04 21:18:54+05:30,0.43148297,21:18:54,2025-10-04
2025-10-04 21:18:56+05:30,0.40268629,21:18:56,2025-10-04
2025-10-04 21:18:57+05:30,0.44190191,21:18:57,2025-10-04
2025-10-04 21:18:58+05:30,0.44877141,21:18:58,2025-10-04
2025-10-04 21:18:59+05:30,0.45520515,21:18:59,2025-10-04
2025-10-04 21:19:00+05:30,0.41187544,21:19:00,2025-10-04
2025-10-04 21:19:01+05:30,0.41101099,21:19:01,2025-10-04
2025-10-04 21:19:02+05:30,0.48297898,21:19:02,2025-10-04
2025-10-04 21:19:03+05:30,0.40973414,21:19:03,2025-10-04
2025-10-04 21:19:04+05:30,0.43717973,21:19:04,2025-10-04
2025-10-04 21:19:05+05:30,0.43768859,21:19:05,2025-10-04
2025-10-04 21:19:06+05:30,0.45554176,21:19:06,2025-10-04
2025-10-04 21:19:07+05:30,0.43814954,21:19:07,2025-10-04
2025-10-04 21:19:09+05:30,0.43095780,21:19:09,2025-10-04
2025-10-04 21:19:10+05:30,0.44256771,21:19:10,2025-10-04
2025-10-04 21:19:11+05:30,0.43800219,21:19:11,2025-10-04
2025-10-04 21:19:12+05:30,0.41889898,21:19:12,2025-10-04
2025-10-04 21:19:13+05:30,0.47051229,21:19:13,2025-10-04
2025-10-04 21:19:14+05:30,0.39909199,21:19:14,2025-10-04
2025-10-04 21:19:15+05:30,0.40854846,21:19:15,2025-10-04
2025-10-04 21:19:16+05:30,0.43108345,21:19:16,2025-10-04
2025-10-04 21:19:17+05:30,0.38679699,21:19:17,2025-10-04
2025-10-04 21:19:18+05:30,0.42376635,21:19:18,2025-10-04
2025-10-04 21:19:19+05:30,0.48200764,21:19:19,2025-10-04
2025-10-04 21:19:20+05:30,0.44887422,21:19:20,2025-10-04
2025-10-04 21:19:21+05:30,0.38472723,21:19:21,2025-10-04
2025-10-04 21:19:23+05:30,0.39272600,21:19:23,2025-10-04
2025-10-04 21:19:24+05:30,0.45210993,21:19:24,2025-10-04
2025-10-04 21:19:25+05:30,0.42080812,21:19:25,2025-10-04
2025-10-04 21:19:26+05:30,0.40979251,21:19:26,2025-10-04
2025-10-04 21:19:27+05:30,0.40445582,21:19:27,2025-10-04
2025-10-04 21:19:28+05:30,0.41273801,21:19:28,2025-10-04
2025-10-04 21:19:29+05:30,0.39561197,21:19:29,2025-10-04
2025-10-04 21:19:30+05:30,0.44400863,21:19:30,2025-10-04
2025-10-04 21:19:31+05:30,0.39547234,21:19:31,2025-10-04
2025-10-04 21:19:32+05:30,0.46486127,21:19:32,2025-10-04
2025-10-04 21:19:33+05:30,0.43012730,21:19:33,2025-10-04
2025-10-04 21:19:34+05:30,0.44398570,21:19:34,2025-10-04
2025-10-04 21:19:35+05:30,0.41378559,21:19:35,2025-10-04
2025-10-04 21:19:37+05:30,0.44413428,21:19:37,2025-10-04
2025-10-04 21:19:38+05:30,0.43175865,21:19:38,2025-10-04
2025-10-04 21:19:39+05:30,0.40858397,21:19:39,2025-10-04
2025-10-04 21:19:40+05:30,0.46964791,21:19:40,2025-10-04
2025-10-04 21:19:41+05:30,0.46215088,21:19:41,2025-10-04
2025-10-04 21:19:42+05:30,0.44647212,21:19:42,2025-10-04
2025-10-04 21:19:43+05:30,0.43130639,21:19:43,2025-10-04
2025-10-04 21:19:44+05:30,0.43118475,21:19:44,2025-10-04
2025-10-04 21:19:45+05:30,0.44006679,21:19:45,2025-10-04
2025-10-04 21:19:46+05:30,0.46244933,21:19:46,2025-10-04
2025-10-04 21:19:47+05:30,0.41211485,21:19:47,2025-10-04
2025-10-04 21:19:48+05:30,0.47960982,21:19:48,2025-10-04
2025-10-04 21:19:49+05:30,0.38524644,21:19:49,2025-10-04
2025-10-04 21:19:50+05:30,0.40211410,21:19:50,2025-10-04
2025-10-04 21:19:51+05:30,0.41244852,21:19:51,2025-10-04
2025-10-04 21:19:52+05:30,0.43228713,21:19:52,2025-10-04
2025-10-04 21:19:53+05:30,0.43706986,21:19:53,2025-10-04
2025-10-04 21:19:54+05:30,0.39876991,21:19:54,2025-10-04
2025-10-04 21:19:55+05:30,0.41158690,21:19:55,2025-10-04
2025-10-04 21:19:56+05:30,0.38882596,21:19:56,2025-10-04
2025-10-04 21:19:57+05:30,0.38769760,21:19:57,2025-10-04
2025-10-04 21:19:59+05:30,0.38949429,21:19:59,2025-10-04
2025-10-04 21:20:00+05:30,0.48400603,21:20:00,2025-10-04
2025-10-04 21:20:01+05:30,0.41625881,21:20:01,2025-10-04
2025-10-04 21:20:02+05:30,0.47113237,21:20:02,2025-10-04
2025-10-04 21:20:03+05:30,0.41029477,21:20:03,2025-10-04
2025-10-04 21:20:04+05:30,0.42413269,21:20:04,2025-10-04
2025-10-04 21:20:05+05:30,0.39354366,21:20:05,2025-10-04
2025-10-04 21:20:06+05:30,0.45708260,21:20:06,2025-10-04
2025-10-04 21:20:07+05:30,0.43075431,21:20:07,2025-10-04
2025-10-04 21:20:08+05:30,0.48274674,21:20:08,2025-10-04
2025-10-04 21:20:09+05:30,0.43607524,21:20:09,2025-10-04
2025-10-04 21:20:10+05:30,0.39436160,21:20:10,2025-10-04
2025-10-04 21:20:11+05:30,0.48022279,21:20:11,2025-10-04
2025-10-04 21:20:12+05:30,0.40158202,21:20:12,2025-10-04
2025-10-04 21:20:13+05:30,0.44882167,21:20:13,2025-10-04
2025-10-04 21:20:14+05:30,0.42246265,21:20:14,2025-10-04
2025-10-04 21:20:15+05:30,0.46187993,21:20:15,2025-10-04
2025-10-04 21:20:16+05:30,0.44586534,21:20:16,2025-10-04
2025-10-04 21:20:17+05:30,0.45671307,21:20:17,2025-10-04
2025-10-04 21:20:18+05:30,0.45078292,21:20:18,2025-10-04
2025-10-04 21:20:19+05:30,0.40212056,21:20:19,2025-10-04
2025-10-04 21:20:20+05:30,0.47656239,21:20:20,2025-10-04
2025-10-04 21:20:21+05:30,0.44368084,21:20:21,2025-10-04
2025-10-04 21:20:22+05:30,0.44162228,21:20:22,2025-10-04
2025-10-04 21:20:23+05:30,0.47032890,21:20:23,2025-10-04
2025-10-04 21:20:24+05:30,0.39218181,21:20:24,2025-10-04
2025-10-04 21:20:25+05:30,0.43366815,21:20:25,2025-10-04
2025-10-04 21:20:27+05:30,0.39461531,21:20:27,2025-10-04
2025-10-04 21:20:28+05:30,0.39544019,21:20:28,2025-10-04
2025-10-04 21:20:29+05:30,0.40621681,21:20:29,2025-10-04
2025-10-04 21:20:30+05:30,0.48414190,21:20:30,2025-10-04
2025-10-04 21:20:31+05:30,0.40036993,21:20:31,2025-10-04
2025-10-04 21:20:32+05:30,0.48105391,21:20:32,2025-10-04
2025-10-04 21:20:33+05:30,0.48325786,21:20:33,2025-10-04
2025-10-04 21:20:34+05:30,0.43269624,21:20:34,2025-10-04
2025-10-04 21:20:35+05:30,0.47992209,21:20:35,2025-10-04
2025-10-04 21:20:36+05:30,0.46624439,21:20:36,2025-10-04
2025-10-04 21:20:37+05:30,0.46511293,21:20:37,2025-10-04
2025-10-04 21:20:38+05:30,0.44930999,21:20:38,2025-10-04
2025-10-04 21:20:39+05:30,0.44751966,21:20:39,2025-10-04
2025-10-04 21:20:40+05:30,0.42166276,21:20:40,2025-10-04
2025-10-04 21:20:41+05:30,0.40597104,21:20:41,2025-10-04
2025-10-04 21:20:42+05:30,0.38793053,21:20:42,2025-10-04
2025-10-04 21:20:43+05:30,0.47561646,21:20:43,2025-10-04
2025-10-04 21:20:44+05:30,0.40907887,21:20:44,2025-10-04
2025-10-04 21:20:45+05:30,0.48276621,21:20:45,2025-10-04
2025-10-04 21:20:46+05:30,0.48452346,21:20:46,2025-10-04
2025-10-04 21:20:47+05:30,0.44697189,21:20:47,2025-10-04
2025-10-04 21:20:48+05:30,0.45445516,21:20:48,2025-10-04
2025-10-04 21:20:49+05:30,0.44824823,21:20:49,2025-10-04
2025-10-04 21:20:50+05:30,0.42193606,21:20:50,2025-10-04
2025-10-04 21:20:51+05:30,0.41528602,21:20:51,2025-10-04
2025-10-04 21:20:52+05:30,0.47594837,21:20:52,2025-10-04
2025-10-04 21:20:53+05:30,0.39291919,21:20:53,2025-10-04
2025-10-04 21:20:54+05:30,0.46962155,21:20:54,2025-10-04
2025-10-04 21:20:55+05:30,0.44242720,21:20:55,2025-10-04
2025-10-04 21:20:56+05:30,0.42594547,21:20:56,2025-10-04
2025-10-04 21:20:57+05:30,0.42842954,21:20:57,2025-10-04
2025-10-04 21:20:58+05:30,0.40287245,21:20:58,2025-10-04
2025-10-04 21:20:59+05:30,0.46170204,21:20:59,2025-10-04
2025-10-04 21:21:00+05:30,0.42706174,21:21:00,2025-10-04
2025-10-04 21:21:01+05:30,0.41535214,21:21:01,2025-10-04
2025-10-04 21:21:03+05:30,0.39809550,21:21:03,2025-10-04
2025-10-04 21:21:04+05:30,0.44957040,21:21:04,2025-10-04
2025-10-04 21:21:05+05:30,0.41466200,21:21:05,2025-10-04
2025-10-04 21:21:06+05:30,0.46317978,21:21:06,2025-10-04
2025-10-04 21:21:07+05:30,0.39204429,21:21:07,2025-10-04
2025-10-04 21:21:08+05:30,0.45167082,21:21:08,2025-10-04
2025-10-04 21:21:09+05:30,0.39991028,21:21:09,2025-10-04
2025-10-04 21:21:10+05:30,0.47381895,21:21:10,2025-10-04
2025-10-04 21:21:11+05:30,0.42910618,21:21:11,2025-10-04
2025-10-04 21:21:12+05:30,0.43885947,21:21:12,2025-10-04
2025-10-04 21:21:13+05:30,0.39310835,21:21:13,2025-10-04
2025-10-04 21:21:14+05:30,0.47973848,21:21:14,2025-10-04
2025-10-04 21:21:15+05:30,0.46199736,21:21:15,2025-10-04
2025-10-04 21:21:16+05:30,0.43021647,21:21:16,2025-10-04
2025-10-04 21:21:17+05:30,0.41981095,21:21:17,2025-10-04
2025-10-04 21:21:18+05:30,0.47717325,21:21:18,2025-10-04
2025-10-04 21:21:19+05:30,0.43403245,21:21:19,2025-10-04
2025-10-04 21:21:20+05:30,0.47729698,21:21:20,2025-10-04
2025-10-04 21:21:21+05:30,0.39362493,21:21:21,2025-10-04
2025-10-04 21:21:22+05:30,0.42727018,21:21:22,2025-10-04
2025-10-04 21:21:23+05:30,0.44103793,21:21:23,2025-10-04
2025-10-04 21:21:24+05:30,0.45272352,21:21:24,2025-10-04
2025-10-04 21:21:25+05:30,0.41702542,21:21:25,2025-10-04
2025-10-04 21:21:26+05:30,0.40244648,21:21:26,2025-10-04
2025-10-04 21:21:27+05:30,0.42412950,21:21:27,2025-10-04
2025-10-04 21:21:28+05:30,0.44630579,21:21:28,2025-10-04
2025-10-04 21:21:29+05:30,0.46437966,21:21:29,2025-10-04
2025-10-04 21:21:30+05:30,0.40271273,21:21:30,2025-10-04
2025-10-04 21:21:31+05:30,0.45380304,21:21:31,2025-10-04
2025-10-04 21:21:32+05:30,0.48096288,21:21:32,2025-10-04
2025-10-04 21:21:33+05:30,0.42359366,21:21:33,2025-10-04
2025-10-04 21:21:34+05:30,0.44640586,21:21:34,2025-10-04
2025-10-04 21:21:35+05:30,0.47030913,21:21:35,2025-10-04
2025-10-04 21:21:36+05:30,0.39473446,21:21:36,2025-10-04
2025-10-04 21:21:38+05:30,0.44236116,21:21:38,2025-10-04
2025-10-04 21:21:39+05:30,0.42254219,21:21:39,2025-10-04
2025-10-04 21:21:40+05:30,0.47072341,21:21:40,2025-10-04
2025-10-04 21:21:41+05:30,0.47072555,21:21:41,2025-10-04
2025-10-04 21:21:42+05:30,0.47320109,21:21:42,2025-10-04
2025-10-04 21:21:43+05:30,0.43825168,21:21:43,2025-10-04
2025-10-04 21:21:44+05:30,0.41167378,21:21:44,2025-10-04
2025-10-04 21:21:45+05:30,0.39353698,21:21:45,2025-10-04
2025-10-04 21:21:46+05:30,0.40338225,21:21:46,2025-10-04
2025-10-04 21:21:47+05:30,0.47008480,21:21:47,2025-10-04
2025-10-04 21:21:48+05:30,0.48480891,21:21:48,2025-10-04
2025-10-04 21:21:49+05:30,0.39337153,21:21:49,2025-10-04
2025-10-04 21:21:50+05:30,0.45140539,21:21:50,2025-10-04
2025-10-04 21:21:51+05:30,0.45339496,21:21:51,2025-10-04
2025-10-04 21:21:52+05:30,0.45676704,21:21:52,2025-10-04
2025-10-04 21:21:53+05:30,0.42102959,21:21:53,2025-10-04
2025-10-04 21:21:54+05:30,0.43611126,21:21:54,2025-10-04
2025-10-04 21:21:55+05:30,0.47608096,21:21:55,2025-10-04
2025-10-04 21:21:56+05:30,0.45007955,21:21:56,2025-10-04
2025-10-04 21:21:57+05:30,0.43904970,21:21:57,2025-10-04
2025-10-04 21:21:58+05:30,0.48025046,21:21:58,2025-10-04
2025-10-04 21:21:59+05:30,0.41874151,21:21:59,2025-10-04
2025-10-04 21:22:00+05:30,0.44828576,21:22:00,2025-10-04
2025-10-04 21:22:01+05:30,0.45598004,21:22:01,2025-10-04
2025-10-04 21:22:02+05:30,0.47508517,21:22:02,2025-10-04
2025-10-04 21:22:03+05:30,0.46433286,21:22:03,2025-10-04
2025-10-04 21:22:04+05:30,0.40022259,21:22:04,2025-10-04
2025-10-04 21:22:05+05:30,0.44096926,21:22:05,2025-10-04
2025-10-04 21:22:06+05:30,0.48352053,21:22:06,2025-10-04
2025-10-04 21:22:07+05:30,0.47194749,21:22:07,2025-10-04
2025-10-04 21:22:08+05:30,0.40849616,21:22:08,2025-10-04
2025-10-04 21:22:09+05:30,0.41364890,21:22:09,2025-10-04
2025-10-04 21:22:10+05:30,0.48171469,21:22:10,2025-10-04
2025-10-04 21:22:11+05:30,0.45682646,21:22:11,2025-10-04
2025-10-04 21:22:13+05:30,0.42671398,21:22:13,2025-10-04
2025-10-04 21:22:14+05:30,0.46662413,21:22:14,2025-10-04
2025-10-04 21:22:15+05:30,0.46893113,21:22:15,2025-10-04
2025-10-04 21:22:16+05:30,0.47208637,21:22:16,2025-10-04
2025-10-04 21:22:17+05:30,0.44057776,21:22:17,2025-10-04
2025-10-04 21:22:18+05:30,0.44645156,21:22:18,2025-10-04
2025-10-04 21:22:19+05:30,0.39492162,21:22:19,2025-10-04
2025-10-04 21:22:20+05:30,0.42122649,21:22:20,2025-10-04
2025-10-04 21:22:21+05:30,0.40104037,21:22:21,2025-10-04
2025-10-04 21:22:22+05:30,0.46537158,21:22:22,2025-10-04
2025-10-04 21:22:23+05:30,0.46507310,21:22:23,2025-10-04
2025-10-04 21:22:24+05:30,0.42618490,21:22:24,2025-10-04
2025-10-04 21:22:25+05:30,0.38679653,21:22:25,2025-10-04
2025-10-04 21:22:26+05:30,0.40374183,21:22:26,2025-10-04
2025-10-04 21:22:27+05:30,0.41734584,21:22:27,2025-10-04
2025-10-04 21:22:28+05:30,0.40940429,21:22:28,2025-10-04
2025-10-04 21:22:29+05:30,0.39400712,21:22:29,2025-10-04
2025-10-04 21:22:30+05:30,0.38830074,21:22:30,2025-10-04
2025-10-04 21:22:31+05:30,0.45770652,21:22:31,2025-10-04
2025-10-04 21:22:32+05:30,0.43520770,21:22:32,2025-10-04
2025-10-04 21:22:33+05:30,0.42091245,21:22:33,2025-10-04
2025-10-04 21:41:38+05:30,0.47002280,21:41:38,2025-10-04
2025-10-04 21:41:39+05:30,0.41403569,21:41:39,2025-10-04
2025-10-04 21:41:40+05:30,0.44194635,21:41:40,2025-10-04
2025-10-04 21:41:41+05:30,0.42730381,21:41:41,2025-10-04
2025-10-04 21:41:42+05:30,0.45404245,21:41:42,2025-10-04
2025-10-04 21:41:43+05:30,0.46455779,21:41:43,2025-10-04
2025-10-04 21:41:44+05:30,0.47955055,21:41:44,2025-10-04
2025-10-04 21:41:45+05:30,0.41200393,21:41:45,2025-10-04
2025-10-04 21:41:46+05:30,0.46655903,21:41:46,2025-10-04
2025-10-04 21:41:47+05:30,0.47183652,21:41:47,2025-10-04
2025-10-04 21:41:48+05:30,0.47054701,21:41:48,2025-10-04
2025-10-04 21:41:49+05:30,0.48297098,21:41:49,2025-10-04
2025-10-04 21:41:50+05:30,0.41209961,21:41:50,2025-10-04
2025-10-04 21:41:51+05:30,0.40335587,21:41:51,2025-10-04
2025-10-04 21:41:52+05:30,0.42878107,21:41:52,2025-10-04
2025-10-04 21:41:53+05:30,0.50078542,21:41:53,2025-10-04
2025-10-04 21:41:54+05:30,0.41559517,21:41:54,2025-10-04
2025-10-04 21:41:55+05:30,0.45145809,21:41:55,2025-10-04
2025-10-04 21:41:56+05:30,0.43363776,21:41:56,2025-10-04
2025-10-04 21:41:57+05:30,0.50208602,21:41:57,2025-10-04
2025-10-04 21:41:58+05:30,0.43108480,21:41:58,2025-10-04
2025-10-04 21:42:00+05:30,0.42289784,21:42:00,2025-10-04
2025-10-04 21:42:01+05:30,0.49451969,21:42:01,2025-10-04
2025-10-04 21:42:02+05:30,0.44061087,21:42:02,2025-10-04
2025-10-04 21:42:03+05:30,0.42619013,21:42:03,2025-10-04
2025-10-04 21:42:04+05:30,0.49288823,21:42:04,2025-10-04
2025-10-04 21:42:05+05:30,0.49283439,21:42:05,2025-10-04
2025-10-04 21:42:06+05:30,0.48637663,21:42:06,2025-10-04
2025-10-04 21:42:07+05:30,0.48609598,21:42:07,2025-10-04
2025-10-04 21:42:08+05:30,0.44676907,21:42:08,2025-10-04
2025-10-04 21:42:09+05:30,0.40791071,21:42:09,2025-10-04
2025-10-04 21:42:10+05:30,0.45834581,21:42:10,2025-10-04
2025-10-04 21:42:11+05:30,0.42571003,21:42:11,2025-10-04
2025-10-04 21:42:12+05:30,0.44745937,21:42:12,2025-10-04
2025-10-04 21:42:13+05:30,0.44268476,21:42:13,2025-10-04
2025-10-04 21:42:14+05:30,0.43921029,21:42:14,2025-10-04
2025-10-04 21:42:15+05:30,0.46047646,21:42:15,2025-10-04
2025-10-04 21:42:16+05:30,0.44973506,21:42:16,2025-10-04
2025-10-04 21:42:17+05:30,0.47721345,21:42:17,2025-10-04
2025-10-04 21:42:18+05:30,0.45749487,21:42:18,2025-10-04
2025-10-04 21:42:19+05:30,0.44333302,21:42:19,2025-10-04
2025-10-04 21:42:20+05:30,0.45472391,21:42:20,2025-10-04
2025-10-04 21:42:21+05:30,0.47436882,21:42:21,2025-10-04
2025-10-04 21:42:22+05:30,0.42307794,21:42:22,2025-10-04
2025-10-04 21:42:23+05:30,0.44636152,21:42:23,2025-10-04
2025-10-04 21:42:24+05:30,0.43239196,21:42:24,2025-10-04
2025-10-04 21:42:25+05:30,0.49929622,21:42:25,2025-10-04
2025-10-04 21:42:26+05:30,0.45518247,21:42:26,2025-10-04
2025-10-04 21:42:27+05:30,0.49985672,21:42:27,2025-10-04
2025-10-04 21:42:28+05:30,0.45641841,21:42:28,2025-10-04
2025-10-04 21:42:29+05:30,0.49420712,21:42:29,2025-10-04
2025-10-04 21:42:30+05:30,0.49768143,21:42:30,2025-10-04
2025-10-04 21:42:32+05:30,0.41159998,21:42:32,2025-10-04
2025-10-04 21:42:33+05:30,0.42983585,21:42:33,2025-10-04
2025-10-04 21:42:34+05:30,0.41797655,21:42:34,2025-10-04
2025-10-04 21:42:35+05:30,0.46129143,21:42:35,2025-10-04
2025-10-04 21:42:36+05:30,0.46943158,21:42:36,2025-10-04
2025-10-04 21:42:37+05:30,0.47229003,21:42:37,2025-10-04
2025-10-04 21:42:38+05:30,0.43578461,21:42:38,2025-10-04
2025-10-04 21:42:39+05:30,0.40441124,21:42:39,2025-10-04
2025-10-04 21:42:40+05:30,0.46512583,21:42:40,2025-10-04
2025-10-04 21:42:41+05:30,0.48998736,21:42:41,2025-10-04
2025-10-04 21:42:42+05:30,0.42731412,21:42:42,2025-10-04
2025-10-04 21:42:43+05:30,0.50003727,21:42:43,2025-10-04
2025-10-04 21:42:44+05:30,0.48334932,21:42:44,2025-10-04
2025-10-04 21:42:45+05:30,0.44363610,21:42:45,2025-10-04
2025-10-04 21:42:46+05:30,0.42464673,21:42:46,2025-10-04
2025-10-04 21:42:47+05:30,0.42963261,21:42:47,2025-10-04
2025-10-04 21:42:48+05:30,0.45053073,21:42:48,2025-10-04
2025-10-04 21:42:49+05:30,0.48329179,21:42:49,2025-10-04
2025-10-04 21:42:50+05:30,0.41375676,21:42:50,2025-10-04
2025-10-04 21:42:51+05:30,0.41436416,21:42:51,2025-10-04
2025-10-04 21:42:52+05:30,0.46177910,21:42:52,2025-10-04
2025-10-04 21:42:53+05:30,0.47688644,21:42:53,2025-10-04
2025-10-04 21:42:54+05:30,0.49885970,21:42:54,2025-10-04
2025-10-04 21:42:55+05:30,0.48922699,21:42:55,2025-10-04
2025-10-04 21:42:56+05:30,0.48117101,21:42:56,2025-10-04
2025-10-04 21:42:58+05:30,0.45599747,21:42:58,2025-10-04
2025-10-04 21:42:59+05:30,0.44137171,21:42:59,2025-10-04
2025-10-04 21:43:00+05:30,0.45656292,21:43:00,2025-10-04
2025-10-04 21:43:01+05:30,0.42073206,21:43:01,2025-10-04
2025-10-04 21:43:02+05:30,0.45385367,21:43:02,2025-10-04
2025-10-04 21:43:03+05:30,0.45485513,21:43:03,2025-10-04
2025-10-04 21:43:04+05:30,0.41409001,21:43:04,2025-10-04
2025-10-04 21:43:05+05:30,0.47910723,21:43:05,2025-10-04
2025-10-04 21:43:06+05:30,0.48152860,21:43:06,2025-10-04
2025-10-04 21:43:07+05:30,0.49989259,21:43:07,2025-10-04
2025-10-04 21:43:08+05:30,0.45568515,21:43:08,2025-10-04
2025-10-04 21:43:09+05:30,0.47644990,21:43:09,2025-10-04
2025-10-04 21:43:11+05:30,0.43379228,21:43:11,2025-10-04
2025-10-04 21:43:12+05:30,0.40851043,21:43:12,2025-10-04
2025-10-04 21:43:13+05:30,0.49237136,21:43:13,2025-10-04
2025-10-04 21:43:14+05:30,0.47603646,21:43:14,2025-10-04
2025-10-04 21:43:15+05:30,0.42588381,21:43:15,2025-10-04
2025-10-04 21:43:16+05:30,0.44284872,21:43:16,2025-10-04
2025-10-04 21:43:17+05:30,0.48203690,21:43:17,2025-10-04
2025-10-04 21:43:18+05:30,0.42827872,21:43:18,2025-10-04
2025-10-04 21:43:19+05:30,0.44599561,21:43:19,2025-10-04
2025-10-04 21:43:20+05:30,0.41576309,21:43:20,2025-10-04
2025-10-04 21:43:21+05:30,0.48871341,21:43:21,2025-10-04
2025-10-04 21:43:22+05:30,0.44606530,21:43:22,2025-10-04
2025-10-04 21:43:24+05:30,0.49384876,21:43:24,2025-10-04
2025-10-04 21:43:25+05:30,0.42633633,21:43:25,2025-10-04
2025-10-04 21:43:26+05:30,0.45403602,21:43:26,2025-10-04
2025-10-04 21:43:27+05:30,0.44801781,21:43:27,2025-10-04
2025-10-04 21:43:28+05:30,0.48775304,21:43:28,2025-10-04
2025-10-04 21:43:29+05:30,0.49759269,21:43:29,2025-10-04
2025-10-04 21:43:30+05:30,0.48638971,21:43:30,2025-10-04
2025-10-04 21:43:31+05:30,0.44041961,21:43:31,2025-10-04
2025-10-04 21:43:32+05:30,0.48583687,21:43:32,2025-10-04
2025-10-04 21:43:33+05:30,0.46182126,21:43:33,2025-10-04
2025-10-04 21:43:34+05:30,0.46794032,21:43:34,2025-10-04
2025-10-04 21:43:35+05:30,0.42363794,21:43:35,2025-10-04
2025-10-04 21:43:37+05:30,0.50215613,21:43:37,2025-10-04
2025-10-04 21:43:38+05:30,0.47127343,21:43:38,2025-10-04
2025-10-04 21:43:39+05:30,0.48270376,21:43:39,2025-10-04
2025-10-04 21:43:40+05:30,0.40619974,21:43:40,2025-10-04
2025-10-04 21:43:41+05:30,0.46187591,21:43:41,2025-10-04
2025-10-04 21:43:42+05:30,0.45467795,21:43:42,2025-10-04
2025-10-04 21:43:43+05:30,0.45837726,21:43:43,2025-10-04
2025-10-04 21:43:44+05:30,0.43240856,21:43:44,2025-10-04
2025-10-04 21:43:45+05:30,0.47575818,21:43:45,2025-10-04
2025-10-04 21:43:46+05:30,0.46749440,21:43:46,2025-10-04
2025-10-04 21:43:47+05:30,0.41482293,21:43:47,2025-10-04
2025-10-04 21:43:48+05:30,0.46086281,21:43:48,2025-10-04
2025-10-04 21:43:49+05:30,0.50129076,21:43:49,2025-10-04
2025-10-04 21:43:51+05:30,0.46949165,21:43:51,2025-10-04
2025-10-04 21:43:52+05:30,0.44193100,21:43:52,2025-10-04
2025-10-04 21:43:53+05:30,0.44770099,21:43:53,2025-10-04
2025-10-04 21:43:54+05:30,0.44812339,21:43:54,2025-10-04
2025-10-04 21:43:55+05:30,0.49508491,21:43:55,2025-10-04
2025-10-04 21:43:56+05:30,0.49322727,21:43:56,2025-10-04
2025-10-04 21:43:57+05:30,0.43646011,21:43:57,2025-10-04
2025-10-04 21:43:58+05:30,0.47114859,21:43:58,2025-10-04
2025-10-04 21:43:59+05:30,0.49869521,21:43:59,2025-10-04
2025-10-04 21:44:00+05:30,0.47378415,21:44:00,2025-10-04
2025-10-04 21:44:01+05:30,0.45735019,21:44:01,2025-10-04
2025-10-04 21:44:02+05:30,0.50434573,21:44:02,2025-10-04
2025-10-04 21:44:03+05:30,0.46858155,21:44:03,2025-10-04
2025-10-04 21:44:05+05:30,0.47450852,21:44:05,2025-10-04
2025-10-04 21:44:06+05:30,0.47269239,21:44:06,2025-10-04
2025-10-04 21:44:07+05:30,0.43011911,21:44:07,2025-10-04
2025-10-04 21:44:08+05:30,0.49889498,21:44:08,2025-10-04
2025-10-04 21:44:09+05:30,0.42959352,21:44:09,2025-10-04
2025-10-04 21:44:10+05:30,0.49699717,21:44:10,2025-10-04
2025-10-04 21:44:11+05:30,0.48782841,21:44:11,2025-10-04
2025-10-04 21:44:12+05:30,0.41488691,21:44:12,2025-10-04
2025-10-04 21:44:13+05:30,0.46795849,21:44:13,2025-10-04
2025-10-04 21:44:14+05:30,0.46602592,21:44:14,2025-10-04
2025-10-04 21:44:15+05:30,0.41747895,21:44:15,2025-10-04
2025-10-04 21:44:16+05:30,0.42937051,21:44:16,2025-10-04
2025-10-04 21:44:17+05:30,0.44373051,21:44:17,2025-10-04
2025-10-04 21:44:19+05:30,0.43115977,21:44:19,2025-10-04
2025-10-04 21:44:20+05:30,0.44285209,21:44:20,2025-10-04
2025-10-04 21:44:21+05:30,0.40934162,21:44:21,2025-10-04
2025-10-04 21:44:22+05:30,0.42984781,21:44:22,2025-10-04
2025-10-04 21:44:23+05:30,0.47342473,21:44:23,2025-10-04
2025-10-04 21:44:24+05:30,0.49927316,21:44:24,2025-10-04
2025-10-04 21:44:25+05:30,0.42824373,21:44:25,2025-10-04
2025-10-04 21:44:26+05:30,0.49017750,21:44:26,2025-10-04
2025-10-04 21:44:27+05:30,0.41765967,21:44:27,2025-10-04
2025-10-04 21:44:28+05:30,0.49062969,21:44:28,2025-10-04
2025-10-04 21:44:29+05:30,0.44652998,21:44:29,2025-10-04
2025-10-04 21:44:30+05:30,0.48676717,21:44:30,2025-10-04
2025-10-04 21:44:31+05:30,0.48481025,21:44:31,2025-10-04
2025-10-04 21:44:33+05:30,0.45478221,21:44:33,2025-10-04
2025-10-04 21:44:34+05:30,0.47995256,21:44:34,2025-10-04
2025-10-04 21:44:35+05:30,0.47077991,21:44:35,2025-10-04
2025-10-04 21:44:36+05:30,0.43739494,21:44:36,2025-10-04
2025-10-04 21:44:37+05:30,0.46669509,21:44:37,2025-10-04
2025-10-04 21:44:38+05:30,0.43479428,21:44:38,2025-10-04
2025-10-04 21:44:39+05:30,0.45562002,21:44:39,2025-10-04
2025-10-04 21:44:40+05:30,0.50150393,21:44:40,2025-10-04
2025-10-04 21:44:41+05:30,0.45747083,21:44:41,2025-10-04
2025-10-04 21:44:42+05:30,0.47563911,21:44:42,2025-10-04
2025-10-04 21:44:43+05:30,0.47523245,21:44:43,2025-10-04
2025-10-04 21:44:44+05:30,0.44270606,21:44:44,2025-10-04
2025-10-04 21:44:45+05:30,0.40606258,21:44:45,2025-10-04
2025-10-04 21:44:47+05:30,0.42724700,21:44:47,2025-10-04
2025-10-04 21:44:48+05:30,0.46212140,21:44:48,2025-10-04
2025-10-04 21:44:49+05:30,0.44363067,21:44:49,2025-10-04
2025-10-04 21:44:50+05:30,0.46695600,21:44:50,2025-10-04
2025-10-04 21:44:51+05:30,0.44908915,21:44:51,2025-10-04
2025-10-04 21:44:52+05:30,0.45688701,21:44:52,2025-10-04
2025-10-04 21:44:53+05:30,0.44792700,21:44:53,2025-10-04
2025-10-04 21:44:54+05:30,0.49556656,21:44:54,2025-10-04
2025-10-04 21:44:55+05:30,0.44674424,21:44:55,2025-10-04
2025-10-04 21:44:56+05:30,0.50212019,21:44:56,2025-10-04
2025-10-04 21:44:57+05:30,0.41449553,21:44:57,2025-10-04
2025-10-04 21:44:58+05:30,0.44806911,21:44:58,2025-10-04
2025-10-04 21:44:59+05:30,0.44732825,21:44:59,2025-10-04
2025-10-04 21:45:00+05:30,0.50547767,21:45:00,2025-10-04
2025-10-04 21:45:01+05:30,0.46658985,21:45:01,2025-10-04
2025-10-04 21:45:03+05:30,0.45765005,21:45:03,2025-10-04
2025-10-04 21:45:04+05:30,0.43840477,21:45:04,2025-10-04
2025-10-04 21:45:05+05:30,0.45405118,21:45:05,2025-10-04
2025-10-04 21:45:06+05:30,0.42139304,21:45:06,2025-10-04
2025-10-04 21:45:07+05:30,0.48225972,21:45:07,2025-10-04
2025-10-04 21:45:08+05:30,0.43839655,21:45:08,2025-10-04
2025-10-04 21:45:09+05:30,0.48413488,21:45:09,2025-10-04
2025-10-04 21:45:10+05:30,0.50424217,21:45:10,2025-10-04
2025-10-04 21:45:11+05:30,0.49726412,21:45:11,2025-10-04
2025-10-04 21:45:12+05:30,0.45850493,21:45:12,2025-10-04
2025-10-04 21:45:13+05:30,0.47042665,21:45:13,2025-10-04
2025-10-04 21:45:14+05:30,0.44345005,21:45:14,2025-10-04
2025-10-04 21:45:15+05:30,0.49203535,21:45:15,2025-10-04
2025-10-04 21:45:16+05:30,0.42496660,21:45:16,2025-10-04
2025-10-04 21:45:18+05:30,0.41461336,21:45:18,2025-10-04
2025-10-04 21:45:19+05:30,0.45803800,21:45:19,2025-10-04
2025-10-04 21:45:20+05:30,0.46002445,21:45:20,2025-10-04
2025-10-04 21:45:21+05:30,0.41651804,21:45:21,2025-10-04
2025-10-04 21:45:22+05:30,0.48927306,21:45:22,2025-10-04
2025-10-04 21:45:23+05:30,0.46884016,21:45:23,2025-10-04
2025-10-04 21:45:24+05:30,0.45019260,21:45:24,2025-10-04
2025-10-04 21:45:25+05:30,0.43402494,21:45:25,2025-10-04
2025-10-04 21:45:26+05:30,0.41332200,21:45:26,2025-10-04
2025-10-04 21:45:27+05:30,0.47877314,21:45:27,2025-10-04
2025-10-04 21:45:28+05:30,0.47553839,21:45:28,2025-10-04
2025-10-04 21:45:29+05:30,0.41903818,21:45:29,2025-10-04
2025-10-04 21:45:30+05:30,0.49624103,21:45:30,2025-10-04
2025-10-04 21:45:31+05:30,0.45977604,21:45:31,2025-10-04
2025-10-04 21:45:33+05:30,0.47160600,21:45:33,2025-10-04
2025-10-04 21:45:34+05:30,0.49245841,21:45:34,2025-10-04
2025-10-04 21:45:35+05:30,0.43991226,21:45:35,2025-10-04
2025-10-04 21:45:36+05:30,0.48980202,21:45:36,2025-10-04
2025-10-04 21:45:37+05:30,0.49504797,21:45:37,2025-10-04
2025-10-04 21:45:38+05:30,0.46576279,21:45:38,2025-10-04
2025-10-04 21:45:39+05:30,0.41456334,21:45:39,2025-10-04
2025-10-04 21:45:40+05:30,0.48755837,21:45:40,2025-10-04
2025-10-04 21:45:41+05:30,0.45204784,21:45:41,2025-10-04
2025-10-04 21:45:42+05:30,0.48743010,21:45:42,2025-10-04
2025-10-04 21:45:43+05:30,0.43579629,21:45:43,2025-10-04
2025-10-04 21:45:44+05:30,0.41738740,21:45:44,2025-10-04
2025-10-04 21:45:45+05:30,0.42063288,21:45:45,2025-10-04
2025-10-04 21:45:46+05:30,0.45735577,21:45:46,2025-10-04
2025-10-04 21:45:48+05:30,0.43111288,21:45:48,2025-10-04
2025-10-04 21:45:49+05:30,0.46637203,21:45:49,2025-10-04
2025-10-04 21:45:50+05:30,0.49937147,21:45:50,2025-10-04
2025-10-04 21:45:51+05:30,0.47203566,21:45:51,2025-10-04
2025-10-04 21:45:52+05:30,0.47060309,21:45:52,2025-10-04
2025-10-04 21:45:53+05:30,0.43835302,21:45:53,2025-10-04
2025-10-04 21:45:54+05:30,0.44218168,21:45:54,2025-10-04
2025-10-04 21:45:55+05:30,0.47779502,21:45:55,2025-10-04
2025-10-04 21:45:56+05:30,0.42993087,21:45:56,2025-10-04
2025-10-04 21:45:57+05:30,0.40710201,21:45:57,2025-10-04
2025-10-04 21:45:58+05:30,0.47835436,21:45:58,2025-10-04
2025-10-04 21:45:59+05:30,0.41769314,21:45:59,2025-10-04
2025-10-04 21:46:01+05:30,0.48427209,21:46:01,2025-10-04
2025-10-04 21:46:02+05:30,0.48489392,21:46:02,2025-10-04
2025-10-04 21:46:03+05:30,0.48505264,21:46:03,2025-10-04
2025-10-04 21:46:04+05:30,0.45483259,21:46:04,2025-10-04
2025-10-04 21:46:05+05:30,0.48916181,21:46:05,2025-10-04
2025-10-04 21:46:06+05:30,0.43088786,21:46:06,2025-10-04
2025-10-04 21:46:07+05:30,0.46470836,21:46:07,2025-10-04
2025-10-04 21:46:08+05:30,0.45801855,21:46:08,2025-10-04
2025-10-04 21:46:09+05:30,0.45121638,21:46:09,2025-10-04
2025-10-04 21:46:10+05:30,0.50640149,21:46:10,2025-10-04
2025-10-04 21:46:11+05:30,0.50641418,21:46:11,2025-10-04
2025-10-04 21:46:12+05:30,0.46269498,21:46:12,2025-10-04
2025-10-04 21:46:14+05:30,0.41167197,21:46:14,2025-10-04
2025-10-04 21:46:15+05:30,0.44737660,21:46:15,2025-10-04
2025-10-04 21:46:16+05:30,0.49912523,21:46:16,2025-10-04
2025-10-04 21:46:17+05:30,0.49144641,21:46:17,2025-10-04
2025-10-04 21:46:18+05:30,0.49000636,21:46:18,2025-10-04
2025-10-04 21:46:19+05:30,0.42224287,21:46:19,2025-10-04
2025-10-04 21:46:20+05:30,0.43939348,21:46:20,2025-10-04
2025-10-04 21:46:21+05:30,0.48172164,21:46:21,2025-10-04
2025-10-04 21:46:22+05:30,0.44131781,21:46:22,2025-10-04
2025-10-04 21:46:23+05:30,0.50164702,21:46:23,2025-10-04
2025-10-04 21:46:24+05:30,0.46941030,21:46:24,2025-10-04
2025-10-04 21:46:25+05:30,0.50182803,21:46:25,2025-10-04
2025-10-04 21:46:26+05:30,0.47513167,21:46:26,2025-10-04
2025-10-04 21:46:27+05:30,0.40800415,21:46:27,2025-10-04
2025-10-04 21:46:29+05:30,0.41240601,21:46:29,2025-10-04
2025-10-04 21:46:30+05:30,0.47140450,21:46:30,2025-10-04
2025-10-04 21:46:31+05:30,0.46109795,21:46:31,2025-10-04
2025-10-04 21:46:32+05:30,0.43530075,21:46:32,2025-10-04
2025-10-04 21:46:33+05:30,0.49590307,21:46:33,2025-10-04
2025-10-04 21:46:34+05:30,0.43321637,21:46:34,2025-10-04
2025-10-04 21:46:35+05:30,0.46739583,21:46:35,2025-10-04
2025-10-04 21:46:36+05:30,0.46457699,21:46:36,2025-10-04
2025-10-04 21:46:39+05:30,0.49155717,21:46:39,2025-10-04
2025-10-04 21:46:40+05:30,0.44708581,21:46:40,2025-10-04
2025-10-04 21:46:41+05:30,0.42916190,21:46:41,2025-10-04
2025-10-04 21:46:42+05:30,0.45800462,21:46:42,2025-10-04
2025-10-04 21:46:43+05:30,0.49525560,21:46:43,2025-10-04
2025-10-04 21:46:44+05:30,0.44515156,21:46:44,2025-10-04
2025-10-04 21:46:45+05:30,0.45456578,21:46:45,2025-10-04
2025-10-04 21:46:46+05:30,0.41334343,21:46:46,2025-10-04
2025-10-04 21:46:47+05:30,0.45482361,21:46:47,2025-10-04
2025-10-04 21:46:48+05:30,0.49985849,21:46:48,2025-10-04
2025-10-04 21:46:49+05:30,0.41816650,21:46:49,2025-10-04
2025-10-04 21:46:50+05:30,0.42337648,21:46:50,2025-10-04
2025-10-04 21:46:51+05:30,0.43011786,21:46:51,2025-10-04
2025-10-04 21:46:52+05:30,0.50633690,21:46:52,2025-10-04
2025-10-04 21:46:54+05:30,0.49381563,21:46:54,2025-10-04
2025-10-04 21:46:55+05:30,0.45016051,21:46:55,2025-10-04
2025-10-04 21:46:56+05:30,0.45987527,21:46:56,2025-10-04
2025-10-04 21:46:57+05:30,0.43766932,21:46:57,2025-10-04
2025-10-04 21:46:58+05:30,0.50321855,21:46:58,2025-10-04
2025-10-04 21:46:59+05:30,0.43608803,21:46:59,2025-10-04
2025-10-04 21:47:00+05:30,0.46572704,21:47:00,2025-10-04
2025-10-04 21:47:01+05:30,0.40931286,21:47:01,2025-10-04
2025-10-04 21:47:02+05:30,0.48673022,21:47:02,2025-10-04
2025-10-04 21:47:03+05:30,0.50582853,21:47:03,2025-10-04
2025-10-04 21:47:04+05:30,0.48106747,21:47:04,2025-10-04
2025-10-04 21:47:05+05:30,0.44601051,21:47:05,2025-10-04
2025-10-04 21:47:06+05:30,0.43185300,21:47:06,2025-10-04
2025-10-04 21:47:07+05:30,0.48289516,21:47:07,2025-10-04
2025-10-04 21:47:08+05:30,0.42947735,21:47:08,2025-10-04
2025-10-04 21:47:09+05:30,0.50486379,21:47:09,2025-10-04
2025-10-04 21:47:10+05:30,0.42384253,21:47:10,2025-10-04
2025-10-04 21:47:11+05:30,0.44829398,21:47:11,2025-10-04
2025-10-04 21:47:12+05:30,0.41018794,21:47:12,2025-10-04
2025-10-04 21:47:13+05:30,0.49958685,21:47:13,2025-10-04
2025-10-04 21:47:14+05:30,0.48631973,21:47:14,2025-10-04
2025-10-04 21:47:15+05:30,0.41774959,21:47:15,2025-10-04
2025-10-04 21:47:16+05:30,0.46126935,21:47:16,2025-10-04
2025-10-04 21:47:17+05:30,0.50638589,21:47:17,2025-10-04
2025-10-04 21:47:18+05:30,0.44455685,21:47:18,2025-10-04
2025-10-04 21:47:19+05:30,0.49060929,21:47:19,2025-10-04
2025-10-04 21:47:20+05:30,0.49713909,21:47:20,2025-10-04
2025-10-04 21:47:21+05:30,0.41237742,21:47:21,2025-10-04
2025-10-04 21:47:22+05:30,0.41678892,21:47:22,2025-10-04
2025-10-04 21:47:24+05:30,0.42719631,21:47:24,2025-10-04
2025-10-04 21:47:25+05:30,0.48423050,21:47:25,2025-10-04
2025-10-04 21:47:26+05:30,0.42911273,21:47:26,2025-10-04
2025-10-04 21:47:27+05:30,0.45409285,21:47:27,2025-10-04
2025-10-04 21:47:28+05:30,0.41887439,21:47:28,2025-10-04
2025-10-04 21:47:29+05:30,0.47617116,21:47:29,2025-10-04
2025-10-04 21:47:30+05:30,0.42327403,21:47:30,2025-10-04
2025-10-04 21:47:31+05:30,0.46875284,21:47:31,2025-10-04
2025-10-04 21:47:32+05:30,0.48894198,21:47:32,2025-10-04
2025-10-04 21:47:33+05:30,0.48060047,21:47:33,2025-10-04
2025-10-04 21:47:34+05:30,0.48264021,21:47:34,2025-10-04
2025-10-04 21:47:35+05:30,0.44367994,21:47:35,2025-10-04
2025-10-04 21:47:36+05:30,0.49341783,21:47:36,2025-10-04
2025-10-04 21:47:37+05:30,0.47243723,21:47:37,2025-10-04
2025-10-04 21:47:39+05:30,0.44693921,21:47:39,2025-10-04
2025-10-04 21:47:40+05:30,0.46400848,21:47:40,2025-10-04
2025-10-04 21:47:41+05:30,0.45213029,21:47:41,2025-10-04
2025-10-04 21:47:42+05:30,0.41736735,21:47:42,2025-10-04
2025-10-04 21:47:43+05:30,0.41953486,21:47:43,2025-10-04
2025-10-04 21:47:44+05:30,0.41744032,21:47:44,2025-10-04
2025-10-04 21:47:45+05:30,0.44363806,21:47:45,2025-10-04
2025-10-04 21:47:46+05:30,0.50574459,21:47:46,2025-10-04
2025-10-04 21:47:47+05:30,0.43497342,21:47:47,2025-10-04
2025-10-04 21:47:48+05:30,0.48875480,21:47:48,2025-10-04
2025-10-04 21:47:49+05:30,0.47674991,21:47:49,2025-10-04
2025-10-04 21:47:50+05:30,0.50163647,21:47:50,2025-10-04
2025-10-04 21:47:51+05:30,0.49471533,21:47:51,2025-10-04
2025-10-04 21:47:52+05:30,0.49689491,21:47:52,2025-10-04
2025-10-04 21:47:53+05:30,0.42710896,21:47:53,2025-10-04
2025-10-04 21:47:54+05:30,0.46895633,21:47:54,2025-10-04
2025-10-04 21:47:55+05:30,0.45842616,21:47:55,2025-10-04
2025-10-04 21:47:57+05:30,0.50057905,21:47:57,2025-10-04
2025-10-04 21:47:58+05:30,0.46818132,21:47:58,2025-10-04
2025-10-04 21:47:59+05:30,0.41810042,21:47:59,2025-10-04
2025-10-04 21:48:00+05:30,0.42029112,21:48:00,2025-10-04
2025-10-04 21:48:01+05:30,0.50227670,21:48:01,2025-10-04
2025-10-04 21:48:02+05:30,0.41341931,21:48:02,2025-10-04
2025-10-04 21:48:03+05:30,0.46243195,21:48:03,2025-10-04
2025-10-04 21:48:04+05:30,0.47524197,21:48:04,2025-10-04
2025-10-04 21:48:05+05:30,0.46634457,21:48:05,2025-10-04
2025-10-04 21:48:06+05:30,0.50064487,21:48:06,2025-10-04
2025-10-04 21:48:07+05:30,0.47257844,21:48:07,2025-10-04
2025-10-04 21:48:08+05:30,0.49155507,21:48:08,2025-10-04
2025-10-04 21:48:09+05:30,0.47550175,21:48:09,2025-10-04
2025-10-04 21:48:10+05:30,0.44647198,21:48:10,2025-10-04
2025-10-04 21:48:11+05:30,0.46409076,21:48:11,2025-10-04
2025-10-04 21:48:12+05:30,0.41753121,21:48:12,2025-10-04
2025-10-04 21:48:13+05:30,0.45277162,21:48:13,2025-10-04
2025-10-04 21:48:14+05:30,0.50104615,21:48:14,2025-10-04
2025-10-04 21:48:15+05:30,0.44578896,21:48:15,2025-10-04
2025-10-04 21:48:16+05:30,0.49713333,21:48:16,2025-10-04
2025-10-04 21:48:17+05:30,0.46018723,21:48:17,2025-10-04
2025-10-04 21:48:18+05:30,0.45515006,21:48:18,2025-10-04
2025-10-04 21:48:19+05:30,0.46936494,21:48:19,2025-10-04
2025-10-04 21:48:20+05:30,0.41345791,21:48:20,2025-10-04
2025-10-04 21:48:21+05:30,0.47638398,21:48:21,2025-10-04
2025-10-04 21:48:22+05:30,0.41101866,21:48:22,2025-10-04
2025-10-04 21:48:23+05:30,0.46091082,21:48:23,2025-10-04
2025-10-04 21:48:24+05:30,0.47897873,21:48:24,2025-10-04
2025-10-04 21:48:26+05:30,0.43206544,21:48:26,2025-10-04
2025-10-04 21:48:27+05:30,0.48800313,21:48:27,2025-10-04
2025-10-04 21:48:28+05:30,0.45361036,21:48:28,2025-10-04
2025-10-04 21:48:29+05:30,0.47065516,21:48:29,2025-10-04
2025-10-04 21:48:30+05:30,0.44024839,21:48:30,2025-10-04
2025-10-04 21:48:31+05:30,0.46961218,21:48:31,2025-10-04
2025-10-04 21:48:32+05:30,0.48287470,21:48:32,2025-10-04
2025-10-04 21:48:33+05:30,0.41869767,21:48:33,2025-10-04
2025-10-04 21:48:34+05:30,0.43965814,21:48:34,2025-10-04
2025-10-04 21:48:35+05:30,0.47004647,21:48:35,2025-10-04
2025-10-04 21:48:36+05:30,0.44656047,21:48:36,2025-10-04
2025-10-04 21:48:37+05:30,0.48321428,21:48:37,2025-10-04
2025-10-04 21:48:38+05:30,0.42399906,21:48:38,2025-10-04
2025-10-04 21:48:39+05:30,0.45646292,21:48:39,2025-10-04
2025-10-04 21:48:40+05:30,0.46583054,21:48:40,2025-10-04
2025-10-04 21:48:41+05:30,0.43410496,21:48:41,2025-10-04
2025-10-04 21:48:42+05:30,0.42566519,21:48:42,2025-10-04
2025-10-04 21:48:43+05:30,0.44462817,21:48:43,2025-10-04
2025-10-04 21:48:44+05:30,0.49534078,21:48:44,2025-10-04
2025-10-04 21:48:45+05:30,0.49628070,21:48:45,2025-10-04
2025-10-04 21:48:46+05:30,0.45835359,21:48:46,2025-10-04
2025-10-04 21:48:47+05:30,0.46161561,21:48:47,2025-10-04
2025-10-04 21:48:48+05:30,0.47591852,21:48:48,2025-10-04
2025-10-04 21:48:49+05:30,0.46154665,21:48:49,2025-10-04
2025-10-04 21:48:50+05:30,0.50750274,21:48:50,2025-10-04
2025-10-04 21:48:51+05:30,0.50695094,21:48:51,2025-10-04
2025-10-04 21:48:53+05:30,0.47991514,21:48:53,2025-10-04
2025-10-04 21:48:54+05:30,0.44305942,21:48:54,2025-10-04
2025-10-04 21:48:55+05:30,0.42586988,21:48:55,2025-10-04
2025-10-04 21:48:56+05:30,0.48656798,21:48:56,2025-10-04
2025-10-04 21:48:57+05:30,0.44311998,21:48:57,2025-10-04
2025-10-04 21:48:58+05:30,0.48471374,21:48:58,2025-10-04
2025-10-04 21:48:59+05:30,0.44908462,21:48:59,2025-10-04
2025-10-04 21:49:00+05:30,0.41818033,21:49:00,2025-10-04
2025-10-04 21:49:01+05:30,0.47271648,21:49:01,2025-10-04
2025-10-04 21:49:02+05:30,0.45178512,21:49:02,2025-10-04
2025-10-04 21:49:03+05:30,0.50616027,21:49:03,2025-10-04
